연번,상가유형,호선,역명,상가번호,면적,영업업종,계약시작,계약종료,임대료(원)
1,개별(일반),1호선,서울(1)역,150-107,33,사무실,2019-05-08,2024-06-06,527100
2,개별(일반),1호선,시청(1)역,151-101,29.73,의류,2017-04-04,2022-05-03,3858954
3,개별(일반),1호선,시청(1)역,151-103,57.6,장애인생산품,2020-02-01,2025-01-31,1858300
4,개별(일반),1호선,시청(1)역,151-104,25,꽃집,2020-12-31,2026-01-30,2470600
5,네트워크,1호선,시청(1)역,151-105,25,커피(음료)전문점,,,
6,개별(일반),1호선,시청(1)역,151-106,14,액세서리,2017-09-19,2022-11-17,1801800
7,개별(일반),1호선,시청(1)역,151-107,22,의류,2020-09-18,2025-10-18,2613800
8,공실,1호선,종각역,152-101,36.85,,,,
9,공실,1호선,종각역,152-104,18.64,,,,
10,개별(일반),1호선,종각역,152-105,29.3,편의점,2017-04-18,2022-04-17,6549400
11,공실,1호선,종각역,152-107,11,,,,
12,공실,1호선,종각역,152-108,12,,,,
13,공실,1호선,종각역,152-110,23.14,,,,
14,개별(일반),1호선,종각역,152-111,16.15,액세서리,2020-03-13,2025-04-12,2900000
15,공실,1호선,종각역,152-112,21.82,,,,
16,공실,1호선,종각역,152-113,19.14,,,,
17,공실,1호선,종각역,152-114,29.62,,,,
18,개별(일반),1호선,종각역,152-115,29.4,제과,2020-02-24,2025-03-25,8130000
19,개별(일반),1호선,종로3가(1)역,153-101,23.4,편의점,2018-10-23,2023-11-21,2260000
20,공실,1호선,종로3가(1)역,153-102,17.6,,,,
21,개별(일반),1호선,종로3가(1)역,153-106,26,보청기,2018-08-14,2023-09-12,4350000
22,소송상가,1호선,종로3가(1)역,153-107,63.95,화장품,2012-01-09,2019-05-24,11673679
23,공실,1호선,종로5가역,154-101,25.13,,,,
24,공실,1호선,종로5가역,154-107,16.16,,,,
25,네트워크,1호선,제기동역,157-101,19.3,액세서리,2016-06-04,2021-07-03,5518871
26,개별(일반),1호선,동묘앞(1)역,159-201,17.7,액세서리,2020-10-19,2025-11-18,3550000
27,개별(일반),2호선,을지로입구역,202-101,85.1,도서관운영,2019-06-01,2024-05-31,2900000
28,개별(일반),2호선,을지로입구역,202-102,16.7,금융업,2016-05-31,2021-05-30,12110000
29,개별(일반),2호선,을지로입구역,202-103,17.2,금융업,2017-01-10,2022-01-09,12150000
30,개별(일반),2호선,을지로입구역,202-104,17.2,편의점,2019-10-15,2024-11-13,14993000
31,개별(일반),2호선,을지로입구역,202-105,16.7,금융업,2019-12-12,2025-01-10,14403100
32,공실,2호선,을지로입구역,202-106,33.9,,,,
33,개별(일반),2호선,을지로입구역,202-108,32.51,제과제빵,2021-01-04,2026-02-03,12350000
34,개별(대형),2호선,을지로입구역,202-110,32.2,창고,2018-10-02,2023-11-10,
35,개별(대형),2호선,을지로입구역,202-114,180,헬스&뷰티,2018-10-02,2023-11-10,59400000
36,개별(대형),2호선,을지로입구역,202-119,,헬스&뷰티,2018-10-02,2023-11-10,
37,개별(일반),2호선,을지로입구역,202-111,17.6,약국,2021-01-04,2026-02-03,6150000
38,공실,2호선,을지로입구역,202-112,19.97,,,,
39,공실,2호선,을지로입구역,202-113,19.47,,,,
40,개별(일반),2호선,을지로입구역,202-115,26.82,패션잡화,2020-12-21,2026-01-20,5600000
41,개별(일반),2호선,을지로입구역,202-116,75.95,제과,2017-11-07,2022-12-06,16137100
42,네트워크,2호선,을지로입구역,202-117,16,커피(음료)전문점,2021-02-01,2026-06-01,4964659
43,공실,2호선,을지로입구역,202-118,40,,,,
44,네트워크,2호선,을지로입구역,202-120,19,플라워,2018-11-27,2024-01-25,1914875
45,개별(일반),2호선,을지로3가(2)역,203-101,16.2,의류,2020-10-14,2025-11-13,823300
46,개별(일반),2호선,을지로3가(2)역,203-102,16.2,시계수리,2020-11-02,2025-12-02,603600
47,개별(일반),2호선,을지로3가(2)역,203-108,11.5,음반,2017-04-25,2022-04-24,872300
48,개별(일반),2호선,을지로3가(2)역,203-110,25.6,플라워,2019-04-02,2024-05-01,816600
49,개별(일반),2호선,을지로3가(2)역,203-112,26,의류,2019-04-02,2024-05-01,1259100
50,개별(일반),2호선,을지로3가(2)역,203-114,13,인쇄,2016-11-22,2021-11-21,1530000
51,개별(일반),2호선,을지로3가(2)역,203-115,18.96,의류,2020-11-26,2026-01-10,450000
52,개별(일반),2호선,을지로3가(2)역,203-116,27.9,액세서리,2020-11-25,2025-12-25,1221400
53,개별(일반),2호선,을지로4가(2)역,204-105,22.84,인쇄,2016-10-25,2021-10-24,1356400
54,개별(일반),2호선,을지로4가(2)역,204-107,23.2,의류,2017-04-25,2022-04-24,705000
55,공실,2호선,을지로4가(2)역,204-108,14.9,,,,
56,개별(일반),2호선,을지로4가(2)역,204-109,14.9,신발,2020-11-02,2025-12-02,420000
57,개별(일반),2호선,을지로4가(2)역,204-110,14.9,명함,2017-04-04,2022-04-03,660000
58,네트워크,2호선,을지로4가(2)역,204-112,38,커피(음료)전문점,2018-01-08,2023-02-16,2143653
59,개별(일반),2호선,을지로4가(2)역,204-113,32.8,제과(완제품),2020-11-02,2025-12-02,1466600
60,개별(일반),2호선,동대문역사문화공원(2)역,205-101,62.2,사무실(물품교환소),2021-04-14,2026-05-14,1452000
61,네트워크,2호선,동대문역사문화공원(2)역,205-103,31.69,의류,2018-11-16,2024-01-14,6039310
62,네트워크,2호선,동대문역사문화공원(2)역,205-104,32.5,커피(음료)전문점,2021-02-01,2026-06-01,11100210
63,개별(일반),2호선,동대문역사문화공원(2)역,205-105,12,제과(완제품),2021-01-04,2026-02-03,4310000
64,개별(일반),2호선,동대문역사문화공원(2)역,205-106,25.7,액세서리,2021-03-15,2026-04-14,7650000
65,개별(일반),2호선,동대문역사문화공원(2)역,205-107,45.64,제과(완제품),2021-01-27,2026-02-26,11100000
66,개별(일반),2호선,동대문역사문화공원(2)역,205-109,19.5,분식,2020-11-18,2025-12-18,6915000
67,개별(일반),2호선,신당(2)역,206-101,14.82,제과,2020-12-21,2026-01-20,1100000
68,개별(일반),2호선,신당(2)역,206-102,11,핸드폰 판매 및 수리,2018-11-06,2023-12-05,850000
69,네트워크,2호선,상왕십리역,207-101,30.6,화장품(HB),2020-12-23,2026-03-23,2666031
70,개별(일반),2호선,상왕십리역,207-102,37,편의점,2017-01-24,2022-01-23,6161600
71,개별(일반),2호선,상왕십리역,207-103,30,꽃집,2021-03-19,2026-04-18,2516600
72,개별(일반),2호선,왕십리(2)역,208-105,12.35,팬시품,2017-09-19,2022-10-18,1129600
73,개별(일반),2호선,왕십리(2)역,208-106,12.35,양말,2018-08-14,2023-09-12,1538900
74,개별(일반),2호선,왕십리(2)역,208-107,33.68,제과제빵,2020-11-26,2026-01-10,1520000
75,소송상가,2호선,왕십리(2)역,208-108,24.5,여성의류,2012-04-26,2017-06-29,2263435
76,소송상가,2호선,왕십리(2)역,208-109,24.5,푸드(떡),2012-04-26,2017-06-29,2263435
77,소송상가,2호선,왕십리(2)역,208-110,44.43,여성의류,2012-04-26,2017-06-29,4104670
78,소송상가,2호선,왕십리(2)역,208-111,30.06,액세서리,2012-04-26,2017-06-29,2777096
79,소송상가,2호선,왕십리(2)역,208-112,27.65,편의점,2012-04-26,2017-06-29,2554448
80,개별(일반),2호선,왕십리(2)역,208-113,19,간이음식,2018-04-10,2023-05-09,4211110
81,개별(일반),2호선,한양대역,209-001,46.8,사무실,2019-05-21,2024-06-19,418000
82,개별(일반),2호선,한양대역,209-002,13.9,제과,2020-04-03,2025-05-03,3170000
83,개별(일반),2호선,한양대역,209-003,18,편의점,2020-08-03,2025-09-02,3400000
84,개별(일반),2호선,한양대역,209-004,90.1,혈액센터,2017-11-07,2022-12-06,4900000
85,공실,2호선,한양대역,209-005,20.04,,,,
86,개별(일반),2호선,뚝섬역,210-004,14.23,의류,2017-12-27,2023-01-25,661700
87,개별(일반),2호선,뚝섬역,210-005,31.2,편의점,2017-05-09,2022-05-08,4279000
88,개별(일반),2호선,뚝섬역,210-006,13,제과(완제품),2020-11-26,2026-01-10,500000
89,네트워크,2호선,뚝섬역,210-007,25.17,의류,2016-06-04,2021-07-03,2405887
90,개별(일반),2호선,뚝섬역,210-008,21.99,꽃집,2017-12-27,2023-01-25,1166700
91,네트워크,2호선,성수역,211-002,28.4,화장품(HB),2020-12-23,2026-03-23,4012522
92,개별(일반),2호선,성수역,211-006,16.28,제과점,2017-02-08,2022-02-07,1712000
93,개별(일반),2호선,성수역,211-007,32.76,의류,2020-11-05,2025-12-05,1052000
94,개별(일반),2호선,성수역,211-010,27,액세서리,2020-10-30,2025-11-29,2511000
95,개별(일반),2호선,성수역,211-011,22.8,분식,2018-07-10,2023-08-08,4800000
96,개별(일반),2호선,성수역,211-012,21.3,제과,2019-11-26,2024-12-25,2702700
97,개별(일반),2호선,건대입구(2)역,212-002,69.5,제과,2019-06-25,2024-07-24,7512000
98,개별(일반),2호선,건대입구(2)역,212-003,22.8,커피(음료)전문점,2020-11-09,2025-12-09,2200000
99,네트워크,2호선,건대입구(2)역,212-004,19.5,편의점,2018-10-23,2023-12-21,6762624
100,개별(일반),2호선,건대입구(2)역,212-005,36.04,약국,2021-03-15,2026-04-14,8710000
101,개별(일반),2호선,건대입구(2)역,212-006,29.5,액세서리,2019-12-24,2025-01-22,5011000
102,네트워크,2호선,건대입구(2)역,212-007,29.68,커피(음료)전문점,2017-12-29,2023-02-06,6243818
103,소송상가,2호선,건대입구(2)역,212-008,48.2,화장품,2012-04-16,2017-08-08,10226478
104,소송상가,2호선,건대입구(2)역,212-009,24.55,화장품,2012-04-16,2017-08-08,5208714
105,소송상가,2호선,건대입구(2)역,212-010,36,공실,2012-04-16,2017-08-08,
106,개별(일반),2호선,건대입구(2)역,212-011,35.6,휴게음식,2018-12-25,2024-01-23,6210000
107,네트워크,2호선,건대입구(2)역,212-012,23.42,의류,2016-06-04,2021-07-03,4709346
108,네트워크,2호선,구의역,213-001,23.1,편의점,2018-10-23,2023-12-21,3944864
109,개별(일반),2호선,구의역,213-003,12.08,제과,2020-04-01,2025-05-01,1687000
110,네트워크,2호선,구의역,213-004,50.46,화장품(HB),2020-12-23,2026-03-23,6940535
111,개별(일반),2호선,구의역,213-006,20,구두,2018-04-10,2023-05-09,1023000
112,개별(일반),2호선,구의역,213-007,27.57,농산물(포장형),2018-12-21,2024-01-19,1000000
113,네트워크,2호선,강변역,214-001,36.5,화장품(HB),2020-12-23,2026-03-23,8729997
114,개별(일반),2호선,강변역,214-004,41,편의점,2017-01-16,2022-01-15,15310500
115,개별(대형),2호선,잠실나루역,215-001,112.3,농특산물,2019-04-09,2024-05-08,5500000
116,개별(일반),2호선,잠실나루역,215-002,27.54,약국,2021-04-12,2026-05-12,4711000
117,개별(일반),2호선,잠실나루역,215-003,48.1,편의점,2017-04-25,2022-04-24,7311700
118,개별(일반),2호선,잠실나루역,215-004,24.8,창고,2021-04-22,2026-05-22,2660000
119,개별(일반),2호선,잠실나루역,215-005,25.62,의류,2020-11-26,2026-01-10,2100000
120,개별(일반),2호선,잠실나루역,215-006,24,액세서리,2021-03-15,2026-04-14,2810000
121,공실,2호선,잠실나루역,215-007,28.6,,,,
122,개별(대형),2호선,잠실나루역,215-008,102.5,약국,2018-12-18,2023-12-17,14311000
123,개별(일반),2호선,잠실(2)역,216-101,15.5,약국,2021-01-04,2026-02-03,7030000
124,개별(일반),2호선,잠실(2)역,216-102,21.3,편의점,2021-05-24,2026-06-23,9900000
125,개별(일반),2호선,잠실(2)역,216-103,31.2,액세서리,2021-01-04,2026-02-03,13200000
126,개별(일반),2호선,잠실(2)역,216-105,20.82,낙찰,,,
127,개별(일반),2호선,잠실(2)역,216-107,10.45,건강식품,2021-01-11,2026-02-10,1620000
128,개별(일반),2호선,잠실(2)역,216-108,10.45,간이음식(포장형),2018-04-10,2023-05-09,2230000
129,개별(일반),2호선,잠실(2)역,216-109,20.9,신발,2021-01-30,2026-03-01,3290500
130,개별(일반),2호선,잠실(2)역,216-111,20.9,낙찰,,,
131,개별(일반),2호선,잠실(2)역,216-113,10.44,낙찰,,,
132,네트워크,2호선,잠실(2)역,216-114,10.38,커피(음료)전문점,,,
133,공실,2호선,잠실(2)역,216-115,37.73,,,,
134,소송상가,2호선,잠실(2)역,216-120,124.91,화장품,2010-01-28,2017-04-27,18838948
135,소송상가,2호선,잠실(2)역,216-121,80,제과,2010-01-28,2017-04-27,12065614
136,소송상가,2호선,잠실(2)역,216-122,34,액세서리,2010-01-28,2017-04-27,5127886
137,소송상가,2호선,잠실(2)역,216-123,34,의류(캐주얼),2010-01-28,2017-04-27,5127886
138,소송상가,2호선,잠실(2)역,216-124,36,의류,2010-01-28,2017-04-27,5429526
139,네트워크,2호선,잠실(2)역,216-125,12,커피(음료)전문점,2021-02-01,2026-06-01,10072227
140,개별(일반),2호선,잠실(2)역,216-126,14.2,약국,2021-02-01,2026-03-03,6150000
141,개별(일반),2호선,잠실(2)역,216-127,14,낙찰,,,
142,소송상가,2호선,잠실(2)역,216-128,12,식음점,2014-01-03,2019-02-01,7933100
143,네트워크,2호선,잠실(2)역,216-129,40.1,아이스크림 디저트 전문점,2019-09-17,2024-11-15,10636263
144,공실,2호선,잠실(2)역,216-130,38,,,,
145,공실,2호선,종합운동장역,218-101,65.37,,,,
146,공실,2호선,종합운동장역,218-102,31.1,,,,
147,개별(일반),2호선,종합운동장역,218-104,71.8,편의점,2016-10-25,2021-10-24,7535000
148,네트워크,2호선,종합운동장역,218-107,25,커피(음료)전문점,2018-01-08,2023-02-16,3047745
149,네트워크,2호선,선릉역,220-101,38.03,화장품(HB),2020-12-23,2026-03-23,11892315
150,개별(일반),2호선,선릉역,220-102,24.34,액세서리,2021-02-15,2026-03-17,4440000
151,개별(일반),2호선,선릉역,220-103,19.48,약국,2020-12-17,2026-01-16,4166600
152,공실,2호선,선릉역,220-104,20.21,,,,
153,소송상가,2호선,선릉역,220-105,20,,2017-03-07,2018-02-15,3851304
154,소송상가,2호선,선릉역,220-106,34.46,,2017-03-07,2018-02-15,6635797
155,소송상가,2호선,선릉역,220-107,20,,2017-03-07,2018-02-15,3851304
156,소송상가,2호선,선릉역,220-108,24.1,,2017-03-07,2018-02-15,4640821
157,소송상가,2호선,선릉역,220-109,18.48,,2017-03-07,2018-02-15,3558605
158,소송상가,2호선,선릉역,220-110,19,,2017-03-07,2018-02-15,3658738
159,네트워크,2호선,선릉역,220-112,13,커피(음료)전문점,2021-02-01,2026-06-01,3758110
160,공실,2호선,선릉역,220-113,18.3,,,,
161,네트워크,2호선,선릉역,220-115,16,커피(음료)전문점,2018-01-08,2023-02-16,6766430
162,개별(일반),2호선,선릉역,220-116,12,제과(완제품),2020-12-24,2026-01-23,2600000
163,개별(일반),2호선,선릉역,220-117,16,의류,2020-03-02,2025-04-01,4530000
164,공실,2호선,역삼역,221-109,21.55,,,,
165,네트워크,2호선,역삼역,221-216,26.4,편의점,2018-10-23,2023-12-21,7889728
166,네트워크,2호선,역삼역,221-217,22.5,커피(음료)전문점,2017-01-17,2022-01-16,2682315
167,공실,2호선,역삼역,221-218,52.32,,,,
168,개별(일반),2호선,역삼역,221-219,23.18,약국,2021-03-12,2026-04-11,4211300
169,네트워크,2호선,역삼역,221-220,107.5,아이스크림 디저트 전문점,2019-09-17,2024-11-15,17245941
170,네트워크,2호선,역삼역,221-224,21,커피(음료)전문점,2021-02-01,2026-06-01,2343936
171,개별(일반),2호선,역삼역,221-225,13,분식,2020-11-05,2025-12-05,3810000
172,개별(일반),2호선,역삼역,221-226,25.8,제과,2017-02-14,2022-02-13,6271900
173,공실,2호선,강남역,222-101,26.55,,,,
174,공실,2호선,강남역,222-102,13.3,,,,
175,네트워크,2호선,강남역,222-103,26.6,편의점,2018-10-23,2023-12-21,17470112
176,네트워크,2호선,강남역,222-105,35.5,화장품(HB),2020-12-23,2026-03-23,22234458
177,네트워크,2호선,강남역,222-108,60.97,아이스크림 디저트 전문점,2019-09-17,2024-11-15,29358258
178,공실,2호선,강남역,222-109,20.3,,,,
179,네트워크,2호선,교대(2)역,223-101,18.6,커피(음료)전문점,2021-02-01,2026-06-01,4338960
180,개별(일반),2호선,교대(2)역,223-102,56.3,제과,2021-01-11,2026-02-10,6683300
181,개별(일반),2호선,교대(2)역,223-103,11,시계수리,2019-11-20,2024-12-19,621900
182,개별(일반),2호선,교대(2)역,223-104,18,제과,2017-04-25,2022-04-24,3510000
183,공실,2호선,교대(2)역,223-105,29.28,,,,
184,개별(일반),2호선,교대(2)역,223-106,28.05,의류,2017-03-07,2022-03-06,3950000
185,개별(일반),2호선,교대(2)역,223-107,15,의류,2020-11-05,2025-12-05,2060000
186,개별(일반),2호선,교대(2)역,223-108,15,제과,2019-11-26,2024-12-25,12010000
187,공실,2호선,서초역,224-101,21.82,,,,
188,네트워크,2호선,서초역,224-102,20.6,커피(음료)전문점,,,
189,개별(일반),2호선,서초역,224-103,32.02,꽃집,2021-05-26,2026-06-25,3066600
190,개별(일반),2호선,서초역,224-104,32.02,편의점,2017-04-04,2022-04-03,11337700
191,네트워크,2호선,서초역,224-107,16,액세서리,2016-06-04,2021-07-03,2673831
192,개별(일반),2호선,서초역,224-108,17.8,제과,2020-06-22,2025-07-22,2525200
193,개별(일반),2호선,서초역,224-109,16,제과,2019-06-25,2024-07-24,4020000
194,네트워크,2호선,방배역,225-101,27,화장품(HB),2020-12-23,2026-03-23,2722601
195,개별(일반),2호선,방배역,225-104,19.32,제과,2016-08-23,2021-08-22,2712000
196,개별(일반),2호선,방배역,225-105,17.85,화훼류,2019-09-22,2024-09-21,1700000
197,개별(일반),2호선,방배역,225-106,20.43,신발,2020-08-24,2025-09-23,2000000
198,공실,2호선,방배역,225-107,19.43,,,,
199,개별(일반),2호선,방배역,225-109,18,건강식품,2017-03-07,2022-03-06,980000
200,공실,2호선,사당(2)역,226-101,65.5,,,,
201,네트워크,2호선,사당(2)역,226-102,57.72,화장품(HB),2020-12-23,2026-03-23,26027971
202,공실,2호선,사당(2)역,226-103,20.5,,,,
203,네트워크,2호선,사당(2)역,226-104,20.2,액세서리,2016-06-04,2021-07-03,6091880
204,네트워크,2호선,사당(2)역,226-105,137,아이스크림 디저트 전문점,2019-09-17,2024-11-15,28555111
205,개별(일반),2호선,사당(2)역,226-107,11.45,농특산물 판매,2020-07-01,2025-09-28,
206,개별(일반),2호선,사당(2)역,226-108,26.4,화장품,2018-05-09,2023-06-07,12034000
207,개별(일반),2호선,사당(2)역,226-110,14.96,편의점,2020-07-31,2025-08-30,5133000
208,네트워크,2호선,사당(2)역,226-112,23,커피(음료)전문점,2021-02-01,2026-06-01,10679418
209,개별(일반),2호선,사당(2)역,226-113,22,액세서리,2018-09-07,2023-10-06,6020000
210,개별(일반),2호선,사당(2)역,226-114,25.04,분식,2019-12-24,2025-01-22,5003800
211,개별(일반),2호선,사당(2)역,226-115,12.84,커피,2019-11-26,2024-12-25,7000000
212,개별(일반),2호선,사당(2)역,226-116,15.3,"분식(김밥,주먹밥)",2017-04-04,2022-04-03,4500000
213,공실,2호선,낙성대역,227-101,16.7,,,,
214,개별(일반),2호선,낙성대역,227-102,20.94,의류,2020-08-03,2025-09-02,3210000
215,개별(일반),2호선,낙성대역,227-103,21.28,편의점,2016-11-15,2021-11-14,5115000
216,개별(일반),2호선,낙성대역,227-104,112.42,사무실,2019-11-02,2024-12-31,1010000
217,네트워크,2호선,서울대입구역,228-101,26.64,화장품(HB),2020-12-23,2026-03-23,5906786
218,네트워크,2호선,서울대입구역,228-103,14,커피(음료)전문점,2021-02-01,2026-06-01,4484731
219,네트워크,2호선,서울대입구역,228-105,29.26,커피(음료)전문점,2017-12-29,2023-02-06,9284039
220,네트워크,2호선,봉천역,229-101,27.81,커피(음료)전문점,2017-01-17,2022-01-16,5330218
221,네트워크,2호선,봉천역,229-103,17.61,의류,2018-11-16,2024-01-14,1814122
222,네트워크,2호선,신림역,230-104,15,커피(음료)전문점,2021-02-01,2026-06-01,6998323
223,개별(일반),2호선,신림역,230-105,14,액세서리,2017-11-07,2022-12-06,5010000
224,개별(일반),2호선,신림역,230-106,16,간이음식(포장),2017-11-07,2022-12-06,7527000
225,개별(일반),2호선,신림역,230-107,8,낙찰,,,
226,개별(일반),2호선,신림역,230-109,13,제과,2020-12-21,2026-01-20,8520000
227,개별(일반),2호선,신대방역,231-003,24.9,신발,2019-10-29,2024-11-27,3423000
228,공실,2호선,신대방역,231-004,240.3,,,,
229,개별(대형),2호선,구로디지털단지역,232-001,103,약국,2021-01-18,2026-03-18,17010000
230,개별(일반),2호선,구로디지털단지역,232-002,29,제과,2017-03-07,2022-03-06,8502100
231,네트워크,2호선,구로디지털단지역,232-003,10.66,커피(음료)전문점,2017-12-29,2023-02-06,6773016
232,개별(대형),2호선,구로디지털단지역,232-004,100.8,의류,2020-08-03,2025-09-02,10230000
233,개별(일반),2호선,대림(2)역,233-002,15.76,떡(완제품),2021-05-26,2026-06-25,4210000
234,개별(일반),2호선,대림(2)역,233-004,14.93,액세서리,2021-01-18,2026-02-17,5720000
235,개별(일반),2호선,대림(2)역,233-006,14.93,생활뷰티,2020-09-11,2025-10-11,11100000
236,개별(일반),2호선,대림(2)역,233-007,14.93,떡(완제품),2020-07-29,2025-08-28,6510000
237,개별(일반),2호선,대림(2)역,233-008,19.47,생활뷰티,2020-12-21,2026-01-20,9600000
238,네트워크,2호선,대림(2)역,233-010,20,자유업종(편의점),2017-04-29,2022-04-28,5643800
239,개별(일반),2호선,대림(2)역,233-013,15.5,제과,2019-10-01,2024-10-30,4850000
240,개별(일반),2호선,대림(2)역,233-014,14,제과,2017-02-14,2022-02-13,7222000
241,개별(일반),2호선,대림(2)역,233-015,33,의류,2019-11-26,2024-12-25,13030000
242,네트워크,2호선,신도림역,234-104,24.13,화장품(HB),2020-12-23,2026-03-23,6022805
243,네트워크,2호선,신도림역,234-108,25,자유업종(편의점),2017-04-29,2022-04-28,13213100
244,개별(일반),2호선,신도림역,234-109,34.49,제과,2018-12-28,2024-01-26,7800000
245,공실,2호선,신도림역,234-110,12,,,,
246,개별(일반),2호선,신도림역,234-112,44.6,액세서리,2019-04-09,2024-05-08,6010000
247,네트워크,2호선,신도림역,234-113,40.8,플라워,2018-11-27,2024-01-25,4424241
248,공실,2호선,신도림역,234-114,44.6,,,,
249,공실,2호선,신도림역,234-115,22.5,,,,
250,개별(일반),2호선,신도림역,234-116,22.5,분식(어묵),2020-02-24,2025-03-25,3269500
251,네트워크,2호선,신도림역,234-117,27.4,액세서리,2018-11-16,2024-01-14,4706888
252,네트워크,2호선,신도림역,234-118,18.8,편의점,2018-10-23,2023-12-21,4508416
253,네트워크,2호선,신도림역,234-119,85.5,아이스크림 디저트 전문점,2019-09-17,2024-11-15,22737727
254,네트워크,2호선,문래역,235-101,28.29,화장품(HB),2020-12-23,2026-03-23,2660399
255,개별(일반),2호선,문래역,235-102,17,제과,2020-11-26,2025-12-26,4019000
256,개별(일반),2호선,문래역,235-103,42,디저트(완제품),2020-02-24,2025-03-25,3608800
257,개별(일반),2호선,문래역,235-104,17.83,제과,2020-11-09,2025-12-09,1180000
258,복합,2호선,영등포구청(2)역,236-102,19.88,카페,2019-07-15,2024-10-23,23850000
259,복합,2호선,영등포구청(2)역,236-103,26.01,의류,2019-07-15,2024-10-23,
260,복합,2호선,영등포구청(2)역,236-105,24.14,식음료,2019-07-15,2024-10-23,
261,복합,2호선,영등포구청(2)역,236-112,28.93,분식,2019-07-15,2024-10-23,
262,복합,2호선,영등포구청(2)역,236-113,17.13,제과제빵,2019-07-15,2024-10-23,
263,복합,2호선,영등포구청(2)역,236-114,29.07,식음료,2019-07-15,2024-10-23,
264,소송상가,2호선,영등포구청(2)역,236-111,20.4,액세서리,2018-05-05,2019-01-09,3928330
265,개별(일반),2호선,당산역,237-001,22,액세서리,2021-04-22,2026-05-22,3130000
266,개별(일반),2호선,당산역,237-002,26.14,제과점,2017-04-25,2022-04-24,7312000
267,개별(일반),2호선,당산역,237-004,35.64,제과(호두과자),2021-03-15,2026-04-14,5750000
268,공실,2호선,당산역,237-005,25,,,,
269,개별(일반),2호선,당산역,237-007,60.04,분식,2019-12-10,2025-01-08,5359000
270,개별(일반),2호선,당산역,237-008,12,간이음식(포장형),2018-04-10,2023-05-09,2810000
271,개별(일반),2호선,합정(2)역,238-101,30.74,제과(완제품),2020-11-09,2025-12-09,4520000
272,개별(일반),2호선,합정(2)역,238-102,31.41,패션잡화,2020-02-24,2025-03-25,6550000
273,개별(일반),2호선,합정(2)역,238-103,18.47,제과,2020-11-03,2025-12-03,3710000
274,소송상가,2호선,합정(2)역,238-104,17.6,분식,2014-12-02,2019-12-01,6137300
275,개별(일반),2호선,합정(2)역,238-105,13.65,약국,2021-05-27,2026-06-26,4419000
276,개별(일반),2호선,합정(2)역,238-106,13.16,꽃집,2020-12-31,2026-01-30,4350000
277,네트워크,2호선,합정(2)역,238-107,26.59,화장품(HB),2020-12-23,2026-03-23,6781462
278,개별(일반),2호선,합정(2)역,238-109,13.69,의류,2020-05-27,2025-06-26,3620000
279,개별(일반),2호선,합정(2)역,238-110,13.69,제과,2017-11-07,2022-12-06,4210000
280,개별(일반),2호선,합정(2)역,238-111,38.05,편의점,2017-05-23,2022-05-22,6020100
281,소송상가,2호선,합정(2)역,238-112,29.89,편의점,2012-04-16,2017-07-02,1814897
282,소송상가,2호선,합정(2)역,238-113,42.23,액세서리,2012-04-16,2017-07-02,2564170
283,소송상가,2호선,합정(2)역,238-115,60.05,여성의류,2012-04-16,2017-07-02,3646187
284,소송상가,2호선,합정(2)역,238-116,27.49,푸드(떡),2012-04-16,2017-07-02,1669170
285,복합,2호선,홍대입구역,239-102,33,복합업종(화훼),2021-03-22,2026-07-20,9613837
286,복합,2호선,홍대입구역,239-103,17.11,복합업종,2021-03-22,2026-07-20,5192551
287,복합,2호선,홍대입구역,239-104,32.73,복합업종,2021-03-22,2026-07-20,9932939
288,복합,2호선,홍대입구역,239-105,23.1,복합업종,2021-03-22,2026-07-20,25274548
289,복합,2호선,홍대입구역,239-106,28.02,복합업종,2021-03-22,2026-07-20,
290,복합,2호선,홍대입구역,239-107,34.76,복합업종,2021-03-22,2026-07-20,
291,복합,2호선,홍대입구역,239-108,31,복합업종,2021-03-22,2026-07-20,9031258
292,네트워크,2호선,홍대입구역,239-110,12,화장품(HB),2020-12-23,2026-03-23,7428859
293,네트워크,2호선,신촌역,240-101,33,화장품(HB),2020-12-23,2026-03-23,17632662
294,개별(일반),2호선,신촌역,240-103,9.8,화훼,2020-08-10,2025-09-09,4510000
295,개별(일반),2호선,신촌역,240-104,13.2,제과,2020-12-21,2026-01-20,8250000
296,개별(일반),2호선,신촌역,240-105,30.17,액세서리,2021-01-04,2026-02-03,10300000
297,네트워크,2호선,신촌역,240-106,11.25,편의점,2018-10-23,2023-12-21,6762624
298,개별(일반),2호선,신촌역,240-107,21,약국,2021-01-28,2026-02-28,6783300
299,네트워크,2호선,신촌역,240-108,18,커피(음료)전문점,2021-02-01,2026-06-01,8217169
300,개별(일반),2호선,신촌역,240-109,32,의류,2018-04-10,2023-05-09,18300200
301,네트워크,2호선,신촌역,240-110,44.42,자유업종(편의점),2017-04-29,2022-04-28,18581100
302,네트워크,2호선,이대역,241-102,14.5,의류,2016-06-04,2021-07-03,7629624
303,개별(일반),2호선,이대역,241-104,21.13,액세서리,2021-01-04,2026-02-03,3550000
304,공실,2호선,이대역,241-108,33,,,,
305,네트워크,2호선,아현역,242-101,35.2,화장품(HB),2020-12-23,2026-03-23,2353016
306,개별(일반),2호선,아현역,242-103,34.8,화훼,2020-08-10,2025-09-09,2350000
307,개별(일반),2호선,아현역,242-105,22.58,제과(완제품),2021-02-15,2026-04-01,460000
308,공실,2호선,아현역,242-107,24.05,,,,
309,네트워크,2호선,아현역,242-109,25,커피(음료)전문점,2017-01-17,2022-01-16,1749716
310,네트워크,2호선,충정로(2)역,243-201,26.12,화장품(HB),2020-12-23,2026-03-23,5693895
311,공실,2호선,충정로(2)역,243-205,20,,,,
312,개별(일반),2호선,충정로(2)역,243-206,15,제과,2019-11-26,2024-12-25,3512000
313,개별(일반),2호선,양천구청역,248-101,18.84,아이스크림(포장형),2021-02-22,2026-03-24,886500
314,네트워크,2호선,양천구청역,248-102,26.04,커피(음료)전문점,2017-01-17,2022-01-16,1740107
315,네트워크,2호선,신정네거리역,249-203,42.45,커피(음료)전문점,2017-01-17,2022-01-16,2589402
316,네트워크,3호선,연신내(3)역,311-102,38.3,커피(음료)전문점,2017-01-17,2022-01-16,7330574
317,개별(일반),3호선,연신내(3)역,311-103,29.9,의류,2018-07-10,2023-08-08,2565000
318,개별(일반),3호선,연신내(3)역,311-106,19.96,건강식품,2019-09-23,2024-09-22,965000
319,개별(일반),3호선,연신내(3)역,311-108,19.96,의류,2018-09-29,2023-10-28,1705100
320,개별(일반),3호선,연신내(3)역,311-113,22,의류,2018-08-14,2023-09-12,1583300
321,네트워크,3호선,연신내(3)역,311-117,38.88,의류,2016-06-04,2021-07-03,2179640
322,개별(일반),3호선,불광(3)역,312-102,12.99,화훼,2020-06-22,2025-07-22,588300
323,공실,3호선,불광(3)역,312-103,13.02,,,,
324,공실,3호선,불광(3)역,312-104,39.05,,,,
325,공실,3호선,불광(3)역,312-109,13.03,,,,
326,공실,3호선,불광(3)역,312-110,13.03,,,,
327,네트워크,3호선,불광(3)역,312-113,18.81,화장품(HB),2020-12-23,2026-03-23,1135946
328,개별(일반),3호선,불광(3)역,312-114,35,의류,2020-12-02,2026-01-01,1800000
329,개별(일반),3호선,불광(3)역,312-115,23,의류,2020-12-21,2026-01-20,1200000
330,개별(일반),3호선,불광(3)역,312-117,46,제과(완제품),2020-12-22,2026-01-21,2200000
331,개별(대형),3호선,녹번역,313-101,103.85,의류 및 잡화,2020-02-14,2025-03-14,1879100
332,개별(일반),3호선,녹번역,313-106,19.3,의류,2020-11-23,2025-12-23,485000
333,개별(일반),3호선,녹번역,313-107,12.65,포장된 수입과자/포장형음료,2018-10-30,2023-11-28,418000
334,개별(일반),3호선,녹번역,313-108,13.47,의류,2020-08-03,2025-09-02,530000
335,개별(일반),3호선,녹번역,313-110,29.3,의류,2020-02-21,2025-03-22,698000
336,개별(일반),3호선,홍제역,314-104,14.41,가방,2016-07-26,2021-07-25,367000
337,개별(일반),3호선,홍제역,314-106,14.41,의류,2016-06-21,2021-06-20,324900
338,개별(일반),3호선,홍제역,314-116,14.41,귀금속류,2016-03-23,2021-03-22,434700
339,개별(일반),3호선,홍제역,314-117,14.41,귀금속류,2016-03-23,2021-03-22,434700
340,개별(대형),3호선,홍제역,314-118,1351,생활용품,2016-10-21,2021-12-19,55185100
341,개별(일반),3호선,홍제역,314-220,15.52,제과,2020-11-30,2025-12-30,2420400
342,네트워크,3호선,홍제역,314-221,16.8,편의점,2018-10-23,2023-12-21,563552
343,네트워크,3호선,경복궁역,317-201,25.5,커피(음료)전문점,2021-02-01,2026-06-01,1508490
344,개별(일반),3호선,안국역,318-201,19.5,수공업,2020-05-19,2025-06-18,611000
345,개별(일반),3호선,안국역,318-205,28.8,규방공예,2019-11-22,2024-12-21,660000
346,개별(일반),3호선,안국역,318-206,28.8,한복대여점,2016-07-26,2021-07-25,930000
347,개별(일반),3호선,안국역,318-207,18.8,화훼,2020-06-22,2025-07-22,1166600
348,개별(일반),3호선,안국역,318-208,18.8,의류,2020-05-18,2025-06-17,3333500
349,개별(일반),3호선,안국역,318-210,20.5,화실,2020-10-31,2025-10-31,392000
350,개별(일반),3호선,안국역,318-211,41,사무실,2019-05-21,2024-06-19,509400
351,개별(일반),3호선,안국역,318-214,19.09,한지공예공방,2017-04-04,2022-04-03,611000
352,개별(일반),3호선,안국역,318-317,27.57,제과(완제품),2021-04-22,2026-05-22,1700000
353,개별(일반),3호선,종로3가(3)역,319-101,19.5,핸드폰액세서리,2020-11-09,2025-12-09,4800000
354,공실,3호선,종로3가(3)역,319-205,248.9,,,,
355,네트워크,3호선,종로3가(3)역,319-304,11,커피(음료)전문점,2021-02-01,2026-06-01,2529218
356,개별(일반),3호선,종로3가(3)역,319-306,21,약국,2020-12-31,2026-01-30,3000000
357,개별(일반),3호선,종로3가(3)역,319-307,47,의류,2018-09-07,2023-10-06,20300000
358,개별(일반),3호선,종로3가(3)역,319-308,40,의류,2018-12-25,2024-01-23,7020100
359,개별(일반),3호선,종로3가(3)역,319-309,20,잡화,2018-09-07,2023-10-06,4519000
360,개별(일반),3호선,종로3가(3)역,319-310,20,간이식품(포장형),2018-09-07,2023-10-06,7257000
361,네트워크,3호선,종로3가(3)역,319-311,15.4,의류,2016-06-04,2021-07-03,4005344
362,개별(일반),3호선,을지로3가(3)역,320-208,10.2,과자(완제품),2020-10-19,2025-11-18,1410000
363,개별(일반),3호선,을지로3가(3)역,320-210,20,편의점,2020-06-22,2025-07-22,1900000
364,개별(일반),3호선,을지로3가(3)역,320-212,26.4,의류,2016-05-31,2021-05-30,1998000
365,개별(일반),3호선,동대입구역,322-201,17.04,편의점,2016-12-17,2021-12-16,1320000
366,개별(일반),3호선,동대입구역,322-203,33.46,사무실,2019-12-12,2025-01-10,311667
367,공실,3호선,동대입구역,322-205,33.3,,,,
368,개별(일반),3호선,동대입구역,322-207,37.52,사무실,2020-11-03,2025-12-03,328100
369,개별(일반),3호선,동대입구역,322-209,16.8,가구판매,2021-04-20,2026-04-20,153600
370,개별(일반),3호선,동대입구역,322-210,33.7,인쇄업(출력),2020-08-13,2025-09-12,1101000
371,개별(일반),3호선,동대입구역,322-212,17.14,인쇄업(출력),2016-07-26,2021-07-25,250000
372,개별(일반),3호선,동대입구역,322-213,33.37,제과,2019-10-25,2024-11-23,1635700
373,네트워크,3호선,약수(3)역,323-101,22.32,화장품(HB),2020-12-23,2026-03-23,3780597
374,네트워크,3호선,약수(3)역,323-104,11.57,커피(음료)전문점,2017-12-29,2023-02-06,3246217
375,네트워크,3호선,금호역,324-101,50.3,화장품(HB),2020-12-23,2026-03-23,2285262
376,개별(일반),3호선,금호역,324-108,28,농산물(포장형),2020-11-16,2025-12-16,750000
377,개별(일반),3호선,금호역,324-109,25.3,편의점,2016-05-31,2021-05-30,1175000
378,개별(일반),3호선,금호역,324-110,18.61,핸드폰,2016-12-21,2021-12-20,692200
379,개별(일반),3호선,금호역,324-111,21,화훼,2020-11-09,2025-12-09,1082300
380,네트워크,3호선,옥수역,325-001,41.64,화장품(HB),2020-12-23,2026-03-23,4736736
381,개별(대형),3호선,옥수역,325-010,555,다이소,2020-03-23,2025-04-22,13500000
382,개별(일반),3호선,옥수역,325-012,18.9,편의점,2019-06-21,2024-07-20,2010000
383,개별(일반),3호선,옥수역,325-013,11.6,푸드(포장형),2016-11-15,2021-11-14,2260000
384,개별(일반),3호선,압구정역,326-102,37,편의점,2018-04-10,2023-05-09,10000200
385,네트워크,3호선,압구정역,326-103,23.76,화장품(HB),2020-12-23,2026-03-23,7195687
386,네트워크,3호선,압구정역,326-104,18.62,플라워,2018-11-27,2024-01-25,2392536
387,네트워크,3호선,압구정역,326-105,12.3,커피(음료)전문점,2021-02-01,2026-06-01,1716096
388,개별(일반),3호선,압구정역,326-106,26,커피음료,2021-04-22,2026-05-22,3371000
389,개별(일반),3호선,신사역,327-101,25.39,액세서리,2021-05-25,2026-06-24,5010000
390,개별(일반),3호선,신사역,327-103,31.3,편의점,2016-11-22,2021-11-21,11961600
391,개별(일반),3호선,신사역,327-104,23.7,낙찰,,,
392,개별(일반),3호선,신사역,327-105,23.7,의류,2021-02-01,2026-03-03,2810000
393,네트워크,3호선,신사역,327-106,23.7,액세서리,2018-11-16,2024-01-14,3284815
394,개별(일반),3호선,신사역,327-107,23.7,신발,2019-04-02,2024-05-01,3150000
395,공실,3호선,신사역,327-108,23.7,,,,
396,개별(일반),3호선,신사역,327-109,47.4,액세서리,2021-01-18,2026-02-17,4533300
397,개별(일반),3호선,신사역,327-111,23.7,액세서리,2020-08-20,2025-09-19,2690000
398,공실,3호선,신사역,327-112,23.7,,,,
399,개별(일반),3호선,신사역,327-113,18.2,제과,2016-09-13,2021-09-12,4977900
400,개별(일반),3호선,신사역,327-114,18.05,고로케,2019-12-10,2025-01-08,2520000
401,개별(일반),3호선,신사역,327-115,17.36,화훼,2020-11-26,2026-01-10,1520000
402,네트워크,3호선,신사역,327-116,16,커피(음료)전문점,2021-02-01,2026-06-01,2214461
403,네트워크,3호선,신사역,327-117,29.06,커피(음료)전문점,2017-12-29,2023-02-06,6915082
404,복합,3호선,고속터미널(3)역,329-111,7475.19,의류,2016-03-15,2026-11-09,279648140
405,복합,3호선,고속터미널(3)역,329-112,,제과,2016-03-15,2026-11-09,
406,복합,3호선,고속터미널(3)역,329-113,,잡화(액세서리),2016-03-15,2026-11-09,
407,복합,3호선,고속터미널(3)역,329-114,,의류,2016-03-15,2026-11-09,
408,복합,3호선,고속터미널(3)역,329-115,,화장품,2016-03-15,2026-11-09,
409,복합,3호선,고속터미널(3)역,329-116,,신발,2016-03-15,2026-11-09,
410,복합,3호선,고속터미널(3)역,329-117,,약국,2016-03-15,2026-11-09,
411,복합,3호선,고속터미널(3)역,329-118,,잡화(가방),2016-03-15,2026-11-09,
412,복합,3호선,고속터미널(3)역,329-119,,안경,2016-03-15,2026-11-09,
413,복합,3호선,고속터미널(3)역,329-120,,잡화(악세서리),2016-03-15,2026-11-09,
414,복합,3호선,고속터미널(3)역,329-121,,화장품,2016-03-15,2026-11-09,
415,복합,3호선,고속터미널(3)역,329-122,,화장품,2016-03-15,2026-11-09,
416,복합,3호선,고속터미널(3)역,329-123,,화장품,2016-03-15,2026-11-09,
417,복합,3호선,고속터미널(3)역,329-124,,아이스크림,2016-03-15,2026-11-09,
418,복합,3호선,고속터미널(3)역,329-125,,의류,2016-03-15,2026-11-09,
419,복합,3호선,고속터미널(3)역,329-126,,신발,2016-03-15,2026-11-09,
420,복합,3호선,고속터미널(3)역,329-127,,의류,2016-03-15,2026-11-09,
421,복합,3호선,고속터미널(3)역,329-128,,의류(란제리),2016-03-15,2026-11-09,
422,복합,3호선,고속터미널(3)역,329-129,,의류,2016-03-15,2026-11-09,
423,복합,3호선,고속터미널(3)역,329-130,,의류,2016-03-15,2026-11-09,
424,복합,3호선,고속터미널(3)역,329-131,,잡화,2016-03-15,2026-11-09,
425,복합,3호선,고속터미널(3)역,329-132,,식음(커피),2016-03-15,2026-11-09,
426,복합,3호선,고속터미널(3)역,329-133,,잡화(액세서리),2016-03-15,2026-11-09,
427,복합,3호선,고속터미널(3)역,329-134,,의류,2016-03-15,2026-11-09,
428,복합,3호선,고속터미널(3)역,329-135,,식음,2016-03-15,2026-11-09,
429,복합,3호선,고속터미널(3)역,329-136,,잡화(렌즈),2016-03-15,2026-11-09,
430,복합,3호선,고속터미널(3)역,329-137,,잡화(시계),2016-03-15,2026-11-09,
431,복합,3호선,고속터미널(3)역,329-138,,잡화(액세서리),2016-03-15,2026-11-09,
432,복합,3호선,고속터미널(3)역,329-139,,잡화,2016-03-15,2026-11-09,
433,복합,3호선,고속터미널(3)역,329-140,,의류,2016-03-15,2026-11-09,
434,복합,3호선,고속터미널(3)역,329-141,,신발,2016-03-15,2026-11-09,
435,복합,3호선,고속터미널(3)역,329-142,,공실,2016-03-15,2026-11-09,
436,복합,3호선,고속터미널(3)역,329-143,,제과,2016-03-15,2026-11-09,
437,복합,3호선,고속터미널(3)역,329-144,,향수(방향제),2016-03-15,2026-11-09,
438,네트워크,3호선,고속터미널(3)역,329-201,28.8,화장품(HB),2020-12-23,2026-03-23,15587596
439,소송상가,3호선,고속터미널(3)역,329-203,33.75,액세서리,2014-04-03,2019-04-02,12669100
440,복합,3호선,고속터미널(3)역,329-204,106.63,복합업종,2021-03-22,2026-07-20,48204012
441,복합,3호선,고속터미널(3)역,329-205,61.37,복합업종,2021-03-22,2026-07-20,21472664
442,복합,3호선,고속터미널(3)역,329-206,20.45,복합업종,2021-03-22,2026-07-20,9244791
443,공실,3호선,고속터미널(3)역,329-210,16,,,,
444,개별(일반),3호선,교대(3)역,330-101,75.3,사무실,2019-05-14,2024-06-12,485000
445,소송상가,3호선,교대(3)역,330-102,37.7,사무실,2019-06-21,2024-07-20,583500
446,공실,3호선,교대(3)역,330-103,37.7,,,,
447,소송상가,3호선,교대(3)역,330-104,37.7,사무실,2019-06-21,2024-07-20,583500
448,개별(대형),3호선,교대(3)역,330-105,113.1,편의점,2016-05-31,2021-05-30,4433300
449,개별(대형),3호선,교대(3)역,330-106,146,사무실,2019-04-30,2024-05-29,515600
450,개별(일반),3호선,교대(3)역,330-107,111.37,창업카페,2019-04-02,2024-05-31,3320000
451,개별(일반),3호선,교대(3)역,330-109,75.4,창업카페,2019-04-02,2024-05-31,
452,개별(일반),3호선,교대(3)역,330-111,37.7,베이커리까페,2017-05-09,2022-05-08,1533300
453,개별(일반),3호선,교대(3)역,330-112,37.7,꽃집,2021-02-02,2026-03-04,950000
454,개별(일반),3호선,교대(3)역,330-113,91.4,사무실,2019-05-14,2024-06-12,485800
455,개별(일반),3호선,양재역,332-102,27.2,핸드폰용품,2018-05-01,2023-05-30,4391600
456,네트워크,3호선,양재역,332-103,44.88,액세서리,2018-11-16,2024-01-14,6220358
457,네트워크,3호선,양재역,332-104,44.98,의류,2018-11-16,2024-01-14,7468411
458,개별(일반),3호선,양재역,332-105,51.92,의류,2020-12-24,2026-01-23,5250000
459,네트워크,3호선,양재역,332-106,20,커피(음료)전문점,2021-02-01,2026-06-01,4866457
460,네트워크,3호선,양재역,332-108,18,편의점,2018-10-23,2023-12-21,4508416
461,개별(일반),3호선,양재역,332-110,40,의류,2020-11-06,2025-12-06,4110000
462,네트워크,3호선,양재역,332-111,21,액세서리,2016-06-04,2021-07-03,4112735
463,개별(일반),3호선,매봉역,333-101,9.41,카페,2020-09-14,2025-10-29,566600
464,개별(일반),3호선,매봉역,333-102,26,제과,2020-10-19,2025-11-18,2520000
465,개별(일반),3호선,매봉역,333-103,16,편의점,2018-10-12,2023-11-10,2421000
466,소송상가,3호선,매봉역,333-104,15.77,간이음식,2014-08-15,2019-08-14,2360800
467,개별(일반),3호선,도곡역,334-102,23.18,네일아트,2016-08-23,2021-08-22,1350000
468,개별(일반),3호선,도곡역,334-103,21.9,여성의류,2020-02-07,2025-03-07,867500
469,개별(일반),3호선,도곡역,334-104,25.04,농산물 판매(가공),2020-02-07,2025-03-07,991800
470,개별(일반),3호선,도곡역,334-201,28.2,의류,2019-06-25,2024-07-24,1585000
471,개별(일반),3호선,대청역,337-102,26.61,분식,2020-02-24,2025-03-25,2516600
472,개별(일반),3호선,대청역,337-103,23,의류,2020-09-17,2025-10-17,1273000
473,공실,3호선,일원역,338-M01,61.48,,,,
474,개별(일반),3호선,일원역,338-102,46,편의점,2018-08-28,2023-09-26,5280000
475,개별(일반),3호선,일원역,338-104,51,약국,2020-08-31,2025-09-30,3511000
476,개별(대형),3호선,일원역,338-M05,808,"물품보관서비스업,커피점",2018-03-10,2023-04-18,8335000
477,개별(일반),3호선,일원역,338-106,51.7,사무실,2020-10-12,2025-11-11,467500
478,개별(일반),3호선,수서역,339-101,27.54,화장품,2016-12-17,2021-12-16,10150000
479,네트워크,3호선,수서역,339-107,38.9,커피(음료)전문점,,,
480,개별(일반),3호선,수서역,339-108,20.1,편의점,2016-05-31,2021-05-30,1194300
481,네트워크,3호선,수서역,339-109,20.1,액세서리,2016-06-04,2021-07-03,722870
482,개별(일반),3호선,수서역,339-110,21,화장품,2016-06-21,2021-06-20,1720000
483,개별(일반),3호선,수서역,339-111,21,약국,2017-11-28,2022-12-27,2640000
484,개별(일반),3호선,수서역,339-112,28.28,핸드폰용품,2017-11-28,2022-12-27,3019900
485,개별(일반),3호선,수서역,339-113,24,액세서리,2018-07-10,2023-08-08,7302800
486,개별(일반),3호선,수서역,339-114,24,아이스크림(포장형),2018-07-10,2023-08-08,3523300
487,개별(일반),3호선,가락시장(3)역,340-101,21,농산품,2021-05-27,2026-06-26,1200000
488,개별(일반),3호선,경찰병원역,341-101,57,제과(완제품),2018-11-06,2023-12-05,1120000
489,공실,3호선,경찰병원역,341-102,37.4,,,,
490,개별(일반),4호선,당고개역,409-011,23.88,핸드폰,2017-02-14,2022-02-13,387000
491,개별(일반),4호선,당고개역,409-012,21.8,건강식품,2018-04-20,2023-05-19,252000
492,공실,4호선,당고개역,409-013,31.5,,,,
493,개별(일반),4호선,당고개역,409-022,56.3,낚시용품,2017-01-05,2022-01-04,582000
494,네트워크,4호선,당고개역,409-027,28.01,커피(음료)전문점,2017-01-17,2022-01-16,3353802
495,개별(대형),4호선,당고개역,409-028,311,의류,2021-02-08,2026-04-09,11007000
496,개별(일반),4호선,당고개역,409-029,27.84,커피(음료전문점),2020-08-13,2025-09-12,2307000
497,개별(일반),4호선,상계역,410-001,26.2,의류,2020-11-23,2025-12-23,1418300
498,개별(일반),4호선,상계역,410-006,21.5,의류,2020-12-15,2026-01-14,1620000
499,개별(일반),4호선,상계역,410-007,21.5,신발,2021-03-12,2026-04-11,1516600
500,개별(대형),4호선,상계역,410-008,100,애견용품,2018-09-22,2023-10-21,7410300
501,네트워크,4호선,상계역,410-009,32.16,커피(음료)전문점,2017-01-17,2022-01-16,5678722
502,개별(일반),4호선,노원(4)역,411-001,29.9,사무실(일자리복지),2020-12-22,2026-01-21,700000
503,개별(일반),4호선,노원(4)역,411-003,14.91,의류,2020-08-03,2025-09-02,1650000
504,개별(일반),4호선,창동역,412-001,11,제과(완제품),2021-01-14,2026-02-13,2510000
505,개별(일반),4호선,창동역,412-003,23,분식,2020-12-31,2026-01-30,4280000
506,개별(일반),4호선,창동역,412-004,58.5,의류,2020-11-03,2025-11-03,8626000
507,네트워크,4호선,수유역,414-101,13.4,액세서리,2018-11-16,2024-01-14,1772817
508,개별(일반),4호선,수유역,414-102,18.67,신발,2020-02-24,2025-03-25,4033000
509,개별(일반),4호선,수유역,414-103,18.43,의류,2018-05-09,2023-06-07,969000
510,네트워크,4호선,수유역,414-104,10.4,플라워,2018-11-27,2024-01-25,1498851
511,네트워크,4호선,수유역,414-105,12,커피(음료)전문점,,,
512,네트워크,4호선,수유역,414-106,23,자유업종(편의점),2017-04-29,2022-04-28,10108400
513,개별(일반),4호선,수유역,414-107,22.42,제과,2017-12-27,2023-01-25,12021600
514,개별(일반),4호선,미아사거리역,416-101,44.4,의류,2021-03-15,2026-04-14,7330000
515,개별(일반),4호선,미아사거리역,416-104,14.8,신발,2021-04-12,2026-05-12,1700000
516,개별(일반),4호선,미아사거리역,416-105,12,의류,2020-07-15,2025-08-14,3500000
517,개별(일반),4호선,미아사거리역,416-106,20.78,액세서리,2021-03-15,2026-04-14,6054000
518,개별(일반),4호선,미아사거리역,416-107,22.56,의류,2018-05-01,2023-05-30,1570500
519,개별(일반),4호선,미아사거리역,416-108,16.88,사진관,2020-12-07,2026-01-21,710000
520,개별(일반),4호선,미아사거리역,416-109,17.24,의류,2020-08-20,2025-09-19,980000
521,개별(일반),4호선,미아사거리역,416-110,33.76,의류,2018-09-04,2023-10-03,3666600
522,개별(일반),4호선,미아사거리역,416-112,17.24,의류,2019-09-23,2024-09-22,1030000
523,개별(일반),4호선,미아사거리역,416-113,13.22,의류,2019-04-09,2024-05-08,650000
524,네트워크,4호선,미아사거리역,416-114,17.06,액세서리,2018-11-16,2024-01-14,1665905
525,공실,4호선,미아사거리역,416-115,18.66,,,,
526,개별(일반),4호선,미아사거리역,416-116,33.94,속옷,2017-06-06,2022-06-05,3050000
527,개별(일반),4호선,미아사거리역,416-118,24.02,의류,2018-09-14,2023-10-13,2200000
528,개별(일반),4호선,미아사거리역,416-119,13.86,휴대폰 액세서리,2021-01-08,2026-02-07,3980000
529,개별(일반),4호선,미아사거리역,416-120,29.03,의류,2017-05-23,2022-05-22,5380000
530,네트워크,4호선,미아사거리역,416-121,24,커피(음료)전문점,2021-02-01,2026-06-01,7795261
531,개별(일반),4호선,미아사거리역,416-122,31,제과,2016-11-11,2021-11-10,8350000
532,네트워크,4호선,미아사거리역,416-123,12,액세서리,2016-06-04,2021-07-03,3101473
533,네트워크,4호선,길음역,417-101,20.04,화장품(HB),2020-12-23,2026-03-23,1948081
534,개별(대형),4호선,길음역,417-102,100,편의점,2021-01-11,2026-03-11,5500000
535,개별(일반),4호선,성신여대입구역,418-105,16.5,낙찰,,,
536,개별(일반),4호선,성신여대입구역,418-106,19.7,의류,2019-07-16,2024-08-14,1150000
537,개별(일반),4호선,성신여대입구역,418-107,32.47,액세서리,2020-08-13,2025-09-12,3807000
538,네트워크,4호선,성신여대입구역,418-108,30.8,커피(음료)전문점,2017-01-17,2022-01-16,4458833
539,개별(일반),4호선,성신여대입구역,418-110,21.09,의류,2020-02-19,2025-03-20,2340000
540,개별(일반),4호선,성신여대입구역,418-111,16,제과,2020-11-04,2025-12-04,3181500
541,네트워크,4호선,한성대입구역,419-102,69.34,커피(음료)전문점,2017-01-17,2022-01-16,3063527
542,개별(일반),4호선,혜화역,420-103,17.46,제과,2021-01-18,2026-02-17,7160000
543,개별(일반),4호선,혜화역,420-105,20,제과,2021-01-04,2026-02-03,5660000
544,공실,4호선,동대문(4)역,421-108,23,,,,
545,네트워크,4호선,동대문(4)역,421-109,28,커피(음료)전문점,2017-12-29,2023-02-06,3054428
546,개별(일반),4호선,동대문(4)역,421-110,10,제과(완제품),2021-01-04,2026-02-03,3350000
547,소송상가,4호선,동대문(4)역,421-111,24.6,액세서리,2012-04-13,2017-08-16,2568313
548,개별(일반),4호선,동대문(4)역,421-118,24.47,의류,2020-10-30,2025-11-29,5222000
549,개별(일반),4호선,동대문(4)역,421-119,12.5,의류,2019-11-26,2024-12-25,8210000
550,소송상가,4호선,동대문(4)역,421-212,20,액세서리,2012-04-13,2017-08-16,2088060
551,소송상가,4호선,동대문(4)역,421-213,40.7,언더웨어,2012-04-13,2017-08-16,4249202
552,소송상가,4호선,동대문(4)역,421-214,40.76,의류,2012-04-13,2017-08-16,4255466
553,소송상가,4호선,동대문(4)역,421-215,20.36,수입과자,2012-04-13,2017-08-16,2125645
554,소송상가,4호선,동대문(4)역,421-216,20.1,수입과자,2012-04-13,2017-08-16,2098500
555,소송상가,4호선,동대문(4)역,421-217,19.8,여성의류,2012-04-13,2017-08-16,2067179
556,개별(일반),4호선,동대문역사문화공원(4)역,422-104,16.68,액세서리,2021-01-04,2026-02-03,2510000
557,공실,4호선,동대문역사문화공원(4)역,422-109,15,,,,
558,개별(일반),4호선,동대문역사문화공원(4)역,422-203,27.09,의류,2020-08-31,2025-09-30,10010000
559,개별(일반),4호선,동대문역사문화공원(4)역,422-205,89,의류,2021-05-26,2026-06-25,3530000
560,공실,4호선,동대문역사문화공원(4)역,422-206,58,,,,
561,공실,4호선,동대문역사문화공원(4)역,422-211,30,,,,
562,공실,4호선,충무로(4)역,423-101,18.86,,,,
563,네트워크,4호선,충무로(4)역,423-102,31.54,화장품(HB),2020-12-23,2026-03-23,6921841
564,네트워크,4호선,충무로(4)역,423-104,21,커피(음료)전문점,,,
565,개별(일반),4호선,충무로(4)역,423-109,18.2,편의점,2019-04-30,2024-05-29,3690000
566,네트워크,4호선,명동역,424-102,26,커피(음료)전문점,2021-02-01,2026-06-01,9605672
567,개별(일반),4호선,회현역,425-101,20.3,제과(완제품),2019-09-23,2024-09-22,4222000
568,개별(일반),4호선,회현역,425-104,81.7,패션잡화,2020-02-24,2025-03-25,14430000
569,네트워크,4호선,회현역,425-203,30,커피(음료)전문점,2017-01-17,2022-01-16,1233658
570,개별(일반),4호선,숙대입구역,427-101,9.8,제과,2017-01-17,2022-01-16,1672600
571,개별(일반),4호선,숙대입구역,427-103,24.7,분식,2021-01-22,2026-02-21,2180000
572,개별(일반),4호선,신용산역,429-101,17.8,"분식(김밥,주먹밥)",2017-04-25,2022-04-24,1500000
573,개별(일반),4호선,신용산역,429-102,15.5,전자담배,2019-06-24,2024-07-23,929400
574,개별(일반),4호선,신용산역,429-103,15.5,화훼,2020-10-31,2025-10-31,801000
575,개별(일반),4호선,신용산역,429-104,15.5,인쇄,2018-05-09,2023-06-07,631000
576,개별(일반),4호선,신용산역,429-105,31,사무실,2020-12-18,2026-01-17,1111200
577,개별(일반),4호선,신용산역,429-107,15.3,핸드폰용품,2017-04-04,2022-04-03,710100
578,개별(일반),4호선,신용산역,429-108,15.3,잡화(가방),2016-09-20,2021-09-19,802000
579,개별(일반),4호선,신용산역,429-111,17.5,컴퓨터주변기기,2017-04-25,2022-04-24,551000
580,개별(일반),4호선,신용산역,429-112,11.4,커피,2020-11-09,2025-12-09,1170800
581,개별(일반),4호선,신용산역,429-113,23.76,의류,2020-08-13,2025-09-12,1462800
582,개별(일반),4호선,신용산역,429-114,16.95,제과,2020-02-24,2025-03-25,3350000
583,개별(일반),4호선,이촌역,430-101,22,신발,2018-10-30,2023-11-28,810000
584,네트워크,4호선,이촌역,430-103,19.3,커피(음료)전문점,2018-01-08,2023-02-16,1375427
585,개별(일반),4호선,동작역,431-002,20,편의점,2017-01-24,2022-01-23,4925000
586,개별(일반),4호선,동작역,431-003,16,과자(완제품),2020-11-09,2025-12-09,3570000
587,개별(일반),4호선,동작역,431-004,10.75,호두과자,2019-12-21,2025-01-19,1510000
588,공실,4호선,총신대입구역,432-103,14.8,,,,
589,개별(일반),4호선,총신대입구역,432-104,31.9,의류,2021-01-04,2026-02-03,1810000
590,공실,4호선,총신대입구역,432-106,32.6,,,,
591,개별(일반),4호선,총신대입구역,432-108,16.3,사무실,2020-11-05,2025-12-05,186000
592,개별(일반),4호선,총신대입구역,432-109,16.3,건강식품,2020-08-20,2025-09-19,1033300
593,공실,4호선,총신대입구역,432-110,16.3,,,,
594,개별(일반),4호선,총신대입구역,432-111,16.3,휴대폰 액세서리,2020-10-19,2025-11-18,1416600
595,개별(일반),4호선,총신대입구역,432-112,16.3,휴대폰 액세서리,2020-10-19,2025-11-18,1416600
596,개별(일반),4호선,총신대입구역,432-113,16.3,의류,2016-12-27,2021-12-26,1805000
597,개별(일반),4호선,총신대입구역,432-114,16.3,구두,2020-10-19,2025-11-18,1430000
598,개별(일반),4호선,총신대입구역,432-115,31.4,제과,2017-12-27,2023-01-25,3335300
599,개별(일반),4호선,총신대입구역,432-117,12.63,신발,2020-02-14,2025-03-14,734500
600,개별(일반),4호선,총신대입구역,432-123,21,꽃집,2021-05-26,2026-06-25,1266600
601,개별(일반),4호선,총신대입구역,432-124,11,신발,2018-09-18,2023-10-17,810000
602,개별(일반),4호선,총신대입구역,432-125,24,여성의류,2020-02-24,2025-03-25,2000800
603,네트워크,4호선,총신대입구역,432-126,21.4,커피(음료)전문점,2018-01-08,2023-02-16,3440245
604,네트워크,4호선,총신대입구역,432-219,25.06,화장품(HB),2020-12-23,2026-03-23,5451433
605,개별(일반),4호선,총신대입구역,432-220,12.32,제과,2021-01-04,2026-02-03,4444400
606,공실,4호선,총신대입구역,432-222,36.34,,,,
607,개별(일반),4호선,사당(4)역,433-101,62.6,의류,2018-04-13,2023-05-12,12800200
608,개별(일반),4호선,사당(4)역,433-103,93,의류,2020-06-22,2025-07-22,9630000
609,개별(일반),4호선,사당(4)역,433-106,30.2,생활건강용품,2019-10-15,2024-11-13,5020000
610,개별(일반),4호선,사당(4)역,433-107,15.5,패션잡화,2020-06-22,2025-07-22,3316600
611,개별(일반),4호선,사당(4)역,433-108,25.8,의류,2021-03-15,2026-04-14,3696600
612,개별(일반),4호선,사당(4)역,433-109,15.5,운동기구,2017-09-19,2022-10-18,2685100
613,개별(일반),4호선,사당(4)역,433-110,33.8,올리브영,2020-05-19,2025-06-18,5134000
614,공실,4호선,사당(4)역,433-111,31,,,,
615,개별(일반),4호선,사당(4)역,433-112,62,편의점,2021-01-11,2026-02-10,5700000
616,개별(일반),4호선,사당(4)역,433-114,31,의류,2021-05-10,2023-05-10,4030000
617,개별(일반),4호선,사당(4)역,433-115,92.1,의류,2017-02-14,2022-02-13,9300000
618,개별(일반),4호선,사당(4)역,433-118,61.4,휴대폰 액세서리,2019-06-25,2024-07-24,7110000
619,개별(일반),4호선,사당(4)역,433-120,30.7,액세서리,2017-04-18,2022-04-17,3716600
620,네트워크,4호선,사당(4)역,433-121,30.7,의류,2016-06-04,2021-07-03,4570159
621,개별(일반),4호선,사당(4)역,433-122,30.7,약국,2021-02-26,2026-03-28,5110000
622,개별(일반),4호선,사당(4)역,433-123,30.7,휴대폰 액세서리,2021-01-04,2026-02-03,3620000
623,공실,4호선,사당(4)역,433-124,30.7,,,,
624,네트워크,4호선,사당(4)역,433-125,30.7,커피(음료)전문점,2017-01-17,2022-01-16,3640207
625,개별(일반),4호선,사당(4)역,433-126,60,의류,2020-12-21,2026-01-20,6310000
626,개별(대형),4호선,사당(4)역,433-140,408,"신발, 의류 등",2021-04-22,2026-06-21,40100000
627,개별(일반),4호선,사당(4)역,433-141,22,제과,2019-12-21,2025-01-19,4016000
628,공실,4호선,사당(4)역,433-229,88,,,,
629,공실,4호선,사당(4)역,433-230,29.4,,,,
630,개별(대형),4호선,사당(4)역,433-239,871.4,H&B드럭스토어 등,2019-11-15,2025-03-13,61517300
631,공실,4호선,사당(4)역,433-242,24.8,,,,
632,네트워크,5호선,방화역,510-101,30,편의점,2018-04-18,2023-06-16,4817020
633,개별(일반),5호선,방화역,510-102,40.53,꽃집,2021-04-19,2026-05-19,2580000
634,네트워크,5호선,개화산역,511-001,30,편의점,2018-04-18,2023-06-16,4085152
635,개별(대형),5호선,김포공항역,512-101,103.42,사무실,2020-04-20,2025-05-20,968000
636,네트워크,5호선,김포공항역,512-201,44.39,제과,2016-06-07,2021-08-06,3379996
637,네트워크,5호선,김포공항역,512-202,49.96,의류,2018-05-09,2023-07-07,5059554
638,네트워크,5호선,김포공항역,512-203,32.34,편의점,2018-04-18,2023-06-16,5515621
639,개별(일반),5호선,김포공항역,512-205,53.97,커피,2020-04-17,2025-05-17,5940000
640,개별(일반),5호선,김포공항역,512-207,44.47,액세서리,2020-07-30,2025-08-29,5010000
641,개별(일반),5호선,김포공항역,512-208,43.71,커피(음료전문점),2020-08-03,2025-09-02,4130000
642,개별(일반),5호선,김포공항역,512-209,25.29,사무실및생산품판매,2020-12-28,2026-01-27,722400
643,개별(일반),5호선,김포공항역,512-210,25.29,의류,2020-08-31,2025-09-30,2901000
644,개별(일반),5호선,김포공항역,512-211,25.58,의류,2020-08-31,2025-09-30,3101000
645,개별(일반),5호선,김포공항역,512-212,21.53,화훼,2020-08-03,2025-09-02,4310000
646,개별(일반),5호선,김포공항역,512-213,53.15,의류,2017-03-09,2022-04-08,4200000
647,개별(일반),5호선,김포공항역,512-214,48.52,의류,2021-03-15,2026-04-14,4210000
648,네트워크,5호선,송정역,513-101,21.87,제과전문점,2021-02-25,2026-04-26,2414160
649,네트워크,5호선,송정역,513-102,22.66,액세서리,2018-05-09,2023-07-07,1582904
650,네트워크,5호선,송정역,513-201,42.37,편의점,2018-04-18,2023-06-16,6689936
651,개별(일반),5호선,송정역,513-203,70.51,의류,2018-10-23,2023-11-21,2300000
652,개별(일반),5호선,송정역,513-204,35.67,의류,2020-02-14,2025-03-14,1810000
653,개별(일반),5호선,송정역,513-205,16.2,액세서리,2017-10-11,2022-11-09,1051000
654,네트워크,5호선,발산역,515-102,33,편의점,2018-04-18,2023-06-16,6711005
655,공실,5호선,발산역,515-103,30,,,,
656,개별(일반),5호선,발산역,515-104,15.7,건강식품,2019-12-10,2025-01-08,960000
657,개별(일반),5호선,발산역,515-105,27.14,의류(여성),2017-03-16,2022-04-15,3250000
658,개별(일반),5호선,발산역,515-106,39.44,약국,2021-05-04,2026-06-03,11030000
659,개별(일반),5호선,발산역,515-107,27.08,약국,2020-08-03,2025-09-02,4510000
660,네트워크,5호선,우장산역,516-101,33,편의점,2018-04-18,2023-06-16,6729856
661,네트워크,5호선,우장산역,516-102,23.76,의류,2018-05-12,2023-07-10,2166887
662,개별(일반),5호선,우장산역,516-103,14.8,건강식품,2020-09-07,2025-10-07,947200
663,개별(일반),5호선,우장산역,516-104,44.8,사무실및생산품판매,2020-12-28,2026-01-27,1685600
664,네트워크,5호선,우장산역,516-105,19.84,의류,2018-11-16,2024-01-14,1309401
665,개별(일반),5호선,우장산역,516-106,19.88,의류,2020-08-03,2025-09-02,2180000
666,복합,5호선,화곡역,517-101,101.16,의류,2017-05-22,2022-09-19,16073607
667,복합,5호선,화곡역,517-102,39.17,의류,2017-05-22,2022-09-19,11457440
668,복합,5호선,화곡역,517-103,,의류,2017-05-22,2022-09-19,
669,네트워크,5호선,화곡역,517-105,30,편의점,2018-04-18,2023-06-16,9956727
670,개별(일반),5호선,화곡역,517-106,27,화장품,2020-08-03,2025-09-02,7500000
671,네트워크,5호선,화곡역,517-107,67.04,제과,2016-05-27,2021-07-26,8269500
672,개별(일반),5호선,화곡역,517-108,33.77,액세서리,2020-09-18,2025-10-18,5100000
673,복합,5호선,까치산(5)역,518-101,27.45,의류,2017-05-22,2022-09-19,15557824
674,복합,5호선,까치산(5)역,518-110,19.31,의류,2017-05-22,2022-09-19,
675,네트워크,5호선,까치산(5)역,518-102,37.82,편의점,2018-04-18,2023-06-16,9319115
676,개별(일반),5호선,까치산(5)역,518-103,30.72,의류,2019-10-08,2024-11-06,8152700
677,복합,5호선,까치산(5)역,518-104,28.07,"액세서리,폰케이스",2017-05-22,2022-09-19,12773147
678,개별(일반),5호선,까치산(5)역,518-106,36.85,제과,2020-08-03,2025-09-02,10180000
679,개별(일반),5호선,까치산(5)역,518-107,21.25,제과,2020-07-30,2025-08-29,6210000
680,복합,5호선,까치산(5)역,518-108,19.28,화훼,2017-05-22,2022-09-19,7674176
681,개별(일반),5호선,까치산(5)역,518-109,24.15,의류,2020-08-03,2025-09-02,9300000
682,네트워크,5호선,신정역,519-201,24,편의점,2018-04-18,2023-06-16,4548669
683,개별(일반),5호선,신정역,519-202,42.71,의류,2020-04-09,2025-05-09,1711000
684,개별(일반),5호선,목동역,520-101,23.69,화장품,2017-03-09,2022-04-08,2500000
685,네트워크,5호선,목동역,520-102,31,의류,2018-05-09,2023-07-07,3139431
686,네트워크,5호선,목동역,520-103,30,편의점,2018-04-18,2023-06-16,7015950
687,개별(일반),5호선,목동역,520-104,22.98,제과,2021-03-15,2026-04-14,6300000
688,개별(일반),5호선,목동역,520-106,22.8,의류,2020-08-03,2025-09-02,4340000
689,개별(일반),5호선,목동역,520-107,26.42,제과,2020-08-03,2025-09-02,4200000
690,복합,5호선,오목교역,521-101,9.01,핸드폰액세서리,2018-10-19,2024-04-16,
691,복합,5호선,오목교역,521-102,14.15,"커피,차",2018-10-19,2024-04-16,
692,복합,5호선,오목교역,521-103,21.95,꽃,2018-10-19,2024-04-16,
693,복합,5호선,오목교역,521-104,7.61,액세서리,2018-10-19,2024-04-16,
694,복합,5호선,오목교역,521-105,89.1,의류,2018-10-19,2024-04-16,
695,복합,5호선,오목교역,521-106,59.87,편의점,2018-10-19,2024-04-16,
696,복합,5호선,오목교역,521-107,11.64,,2018-10-19,2024-04-16,
697,복합,5호선,오목교역,521-108,116.4,커피,2018-10-19,2024-04-16,
698,복합,5호선,오목교역,521-109,106.82,떡카페,2018-10-19,2024-04-16,
699,복합,5호선,오목교역,521-110,18.24,만두,2018-10-19,2024-04-16,
700,복합,5호선,오목교역,521-111,118.84,청소년게임,2018-10-19,2024-04-16,
701,복합,5호선,오목교역,521-112,8.15,시계수리,2018-10-19,2024-04-16,
702,복합,5호선,오목교역,521-113,14.07,타로점,2018-10-19,2024-04-16,
703,복합,5호선,오목교역,521-114,33.1,이미용,2018-10-19,2024-04-16,
704,복합,5호선,오목교역,521-115,16.2,꽃,2018-10-19,2024-04-16,
705,복합,5호선,오목교역,521-116,20.52,제과,2018-10-19,2024-04-16,
706,복합,5호선,오목교역,521-117,51.85,의류,2018-10-19,2024-04-16,
707,복합,5호선,오목교역,521-118,52.37,의류,2018-10-19,2024-04-16,
708,복합,5호선,오목교역,521-119,54.78,,2018-10-19,2024-04-16,
709,복합,5호선,오목교역,521-120,109.56,의류,2018-10-19,2024-04-16,
710,복합,5호선,오목교역,521-121,127.56,커피,2018-10-19,2024-04-16,
711,복합,5호선,오목교역,521-122,65.13,액세서리,2018-10-19,2024-04-16,176500000
712,복합,5호선,오목교역,521-123,87.78,안경,2018-10-19,2024-04-16,
713,복합,5호선,오목교역,521-124,78.62,의류,2018-10-19,2024-04-16,
714,복합,5호선,오목교역,521-125,81.05,의류,2018-10-19,2024-04-16,
715,복합,5호선,오목교역,521-126,74.86,의류,2018-10-19,2024-04-16,
716,복합,5호선,오목교역,521-127,53.08,식음,2018-10-19,2024-04-16,
717,복합,5호선,오목교역,521-128,26.17,의류,2018-10-19,2024-04-16,
718,복합,5호선,오목교역,521-129,28.49,토스트,2018-10-19,2024-04-16,
719,복합,5호선,오목교역,521-130,28.02,제과,2018-10-19,2024-04-16,
720,복합,5호선,오목교역,521-131,57.6,의류,2018-10-19,2024-04-16,
721,복합,5호선,오목교역,521-132,18.24,의류,2018-10-19,2024-04-16,
722,복합,5호선,오목교역,521-201,47.97,약국,2018-10-19,2024-04-16,
723,복합,5호선,오목교역,521-202,49,식음,2018-10-19,2024-04-16,
724,복합,5호선,오목교역,521-203,27.47,타코야끼,2018-10-19,2024-04-16,
725,복합,5호선,오목교역,521-204,21.7,제과,2018-10-19,2024-04-16,
726,복합,5호선,오목교역,521-205,9.7,커피,2018-10-19,2024-04-16,
727,복합,5호선,오목교역,521-207,15.16,액세서리,2018-10-19,2024-04-16,
728,복합,5호선,오목교역,521-208,22.25,식음,2018-10-19,2024-04-16,
729,복합,5호선,오목교역,521-209,62.37,식음,2018-10-19,2024-04-16,
730,복합,5호선,오목교역,521-210,57.1,생활용품,2018-10-19,2024-04-16,
731,복합,5호선,오목교역,521-211,35.8,제과,2018-10-19,2024-04-16,
732,복합,5호선,오목교역,521-212,36.19,식음,2018-10-19,2024-04-16,
733,복합,5호선,오목교역,521-213,31.1,식음,2018-10-19,2024-04-16,
734,복합,5호선,오목교역,521-214,37.9,세계과자,2018-10-19,2024-04-16,
735,네트워크,5호선,오목교역,521-206,43.51,편의점,2018-04-18,2023-06-16,12003739
736,네트워크,5호선,영등포구청(5)역,523-401,34.33,편의점,2018-04-18,2023-06-16,6300716
737,네트워크,5호선,영등포구청(5)역,523-402,313.4,공유오피스,2021-05-07,2026-11-03,5779441
738,네트워크,5호선,영등포구청(5)역,523-404,24.8,제과,2016-05-27,2021-07-26,5885383
739,네트워크,5호선,영등포시장역,524-202,37.3,편의점,2018-04-18,2023-06-16,6361705
740,소송상가,5호선,신길역,525-101,20,제과,2018-04-10,2023-05-09,12500000
741,네트워크,5호선,신길역,525-102,40,플라워,2018-11-27,2024-01-25,3163817
742,개별(일반),5호선,신길역,525-106,10,의류,2018-04-10,2023-05-09,7800000
743,공실,5호선,여의도역,526-100,47,,,,
744,네트워크,5호선,여의도역,526-101,35.24,편의점,2018-04-18,2023-06-16,9929005
745,개별(일반),5호선,여의도역,526-102,22.04,제과(현장조리불가),2019-09-20,2024-10-19,2300000
746,네트워크,5호선,여의도역,526-201,23.65,플라워,2018-11-27,2024-01-25,2792461
747,개별(일반),5호선,여의도역,526-202,23.65,액세서리,2018-11-20,2023-12-19,1224500
748,공실,5호선,여의도역,526-203,19.93,,,,
749,네트워크,5호선,여의나루역,527-101,33.39,편의점,2018-04-18,2023-06-16,6716550
750,개별(일반),5호선,여의나루역,527-102,34.86,제과,2021-04-08,2026-05-08,2021800
751,네트워크,5호선,마포역,528-101,29,편의점,2018-04-18,2023-06-16,5945871
752,공실,5호선,마포역,528-102,17.43,,,,
753,개별(일반),5호선,마포역,528-103,41.13,푸른마을,2021-02-08,2026-02-07,2960000
754,네트워크,5호선,마포역,528-104,46.6,제과,2016-06-07,2021-08-06,2582786
755,네트워크,5호선,마포역,528-401,32.9,액세서리,2018-05-09,2023-07-07,2552265
756,소송상가,5호선,공덕(5)역,529-101,70.3,의류,2017-02-22,2022-05-23,10109706
757,개별(대형),5호선,공덕(5)역,529-102,295,서점(카페포함)/핸드폰케이스,2019-01-10,2024-03-10,20000000
758,개별(대형),5호선,공덕(5)역,529-103,,서점(카페포함),2019-01-10,2024-03-10,
759,개별(대형),5호선,공덕(5)역,529-104,,서점(카페포함),2019-01-10,2024-03-10,
760,개별(대형),5호선,공덕(5)역,529-105,,서점(카페포함),2019-01-10,2024-03-10,
761,개별(대형),5호선,공덕(5)역,529-106,,서점(카페포함),2019-01-10,2024-03-10,
762,개별(대형),5호선,공덕(5)역,529-107,,서점(카페포함),2019-01-10,2024-03-10,
763,개별(대형),5호선,공덕(5)역,529-108,,서점(카페포함),2019-01-10,2024-03-10,
764,개별(대형),5호선,공덕(5)역,529-109,22,창고,2019-01-10,2024-03-10,
765,개별(일반),5호선,공덕(5)역,529-110,34.5,장애인생산품,2019-12-30,2024-12-29,1211600
766,네트워크,5호선,공덕(5)역,529-111,34.9,편의점,2018-04-18,2023-06-16,7008188
767,네트워크,5호선,공덕(5)역,529-113,30,공유오피스,2021-05-07,2026-11-03,1126258
768,네트워크,5호선,공덕(5)역,529-134,28.2,공유오피스,2021-05-07,2026-11-03,
769,개별(일반),5호선,공덕(5)역,529-114,33.71,꽃전문점,2019-09-23,2024-09-22,4500000
770,개별(일반),5호선,공덕(5)역,529-115,37,꽃집,2018-11-06,2023-12-05,1654000
771,개별(일반),5호선,공덕(5)역,529-116,34,패션용품(단일브랜드),2018-12-28,2024-01-26,1280000
772,개별(일반),5호선,공덕(5)역,529-117,33,꽃집,2020-02-25,2025-03-26,1500000
773,개별(일반),5호선,공덕(5)역,529-118,32,의류,2018-11-06,2023-12-05,1270000
774,개별(일반),5호선,공덕(5)역,529-119,32,의류,2018-11-06,2023-12-05,1350000
775,소송상가,5호선,공덕(5)역,529-120,47.3,공실,2017-02-22,2022-05-23,
776,개별(일반),5호선,공덕(5)역,529-121,52,의류,2019-12-10,2025-01-08,1930000
777,개별(일반),5호선,공덕(5)역,529-122,41.58,화훼,2020-11-13,2025-12-13,2815000
778,개별(일반),5호선,공덕(5)역,529-123,28.5,의류,2020-02-24,2025-03-25,1170000
779,네트워크,5호선,공덕(5)역,529-130,32.2,공유오피스,2021-05-07,2026-11-03,2801979
780,네트워크,5호선,공덕(5)역,529-131,32,공유오피스,2021-05-07,2026-11-03,
781,네트워크,5호선,공덕(5)역,529-132,32,공유오피스,2021-05-07,2026-11-03,
782,네트워크,5호선,공덕(5)역,529-133,48.5,공유오피스,2021-05-07,2026-11-03,
783,소송상가,5호선,공덕(5)역,529-202,28.6,공실,2017-02-22,2022-05-23,
784,소송상가,5호선,공덕(5)역,529-203,28.7,공실,2017-02-22,2022-05-23,
785,네트워크,5호선,애오개역,530-101,32.2,편의점,2018-04-18,2023-06-16,4577500
786,개별(일반),5호선,충정로(5)역,531-101,42,사무실,2020-04-16,2025-05-16,550000
787,공실,5호선,충정로(5)역,531-201,20,,,,
788,네트워크,5호선,충정로(5)역,531-202,45,편의점,2018-04-18,2023-06-16,5773993
789,개별(일반),5호선,충정로(5)역,531-203,36.85,사무실,2020-12-31,2026-01-30,552900
790,공실,5호선,충정로(5)역,531-204,29.01,,,,
791,개별(일반),5호선,충정로(5)역,531-205,29.01,의류,2019-06-25,2024-07-24,461000
792,개별(일반),5호선,서대문역,532-101,14.74,플라워,2019-04-30,2024-05-29,833000
793,개별(일반),5호선,서대문역,532-102,8.25,세계과자,2019-12-21,2025-01-19,519000
794,개별(일반),5호선,서대문역,532-103,10.5,건강식품,2020-06-05,2025-07-05,1100000
795,네트워크,5호선,서대문역,532-104,30.32,편의점,2018-04-18,2023-06-16,5124183
796,개별(일반),5호선,서대문역,532-105,10.5,민속과자(완제품),2020-09-18,2025-10-18,472200
797,개별(일반),5호선,서대문역,532-106,42.95,의류,2018-10-12,2023-11-10,5021000
798,개별(일반),5호선,서대문역,532-107,11.88,제과,2021-03-15,2026-04-14,3011000
799,개별(일반),5호선,서대문역,532-108,9.05,제과,2017-04-14,2022-05-14,600000
800,개별(일반),5호선,서대문역,532-109,9.06,여성신발,2017-09-16,2022-10-15,550000
801,공실,5호선,서대문역,532-301,25.79,,,,
802,개별(대형),5호선,광화문역,533-101,849,전시공간,2020-10-29,2026-02-26,8525000
803,네트워크,5호선,광화문역,533-103,56,편의점,2018-04-18,2023-06-16,25342583
804,네트워크,5호선,광화문역,533-104,10,의류,2018-11-16,2024-01-14,1236200
805,개별(대형),5호선,광화문역,533-106,104.1,도서업 등,2018-03-27,2021-06-24,10982800
806,공실,5호선,종로3가(5)역,534-101,67.28,,,,
807,네트워크,5호선,종로3가(5)역,534-202,29.48,편의점,2018-04-18,2023-06-16,8575050
808,개별(일반),5호선,종로3가(5)역,534-301,21.4,식음(음료),2017-04-14,2022-05-14,1360000
809,개별(일반),5호선,을지로4가(5)역,535-101,29.82,사무실,2019-05-08,2024-06-06,302500
810,개별(일반),5호선,을지로4가(5)역,535-102,16.8,액세서리,2017-09-16,2022-10-15,1500000
811,개별(일반),5호선,을지로4가(5)역,535-103,19.6,액세서리,2018-04-10,2023-05-09,799000
812,네트워크,5호선,을지로4가(5)역,535-104,34.98,편의점,2018-04-18,2023-06-16,5063194
813,개별(일반),5호선,을지로4가(5)역,535-105,41.45,의류,2019-10-29,2024-11-27,633300
814,개별(일반),5호선,을지로4가(5)역,535-106,41.45,사무실,2019-05-08,2024-06-06,512300
815,공실,5호선,청구(5)역,537-301,47.89,,,,
816,네트워크,5호선,청구(5)역,537-302,30,제과,2016-06-07,2021-08-06,2757557
817,네트워크,5호선,청구(5)역,537-304,46.33,편의점,2018-04-18,2023-06-16,5754033
818,개별(일반),5호선,청구(5)역,537-305,18,액세서리,2019-12-19,2025-01-17,3360000
819,네트워크,5호선,신금호역,538-101,39.14,편의점,2018-04-18,2023-06-16,5585481
820,개별(일반),5호선,신금호역,538-102,23.5,의류,2020-12-03,2026-01-02,1239900
821,네트워크,5호선,행당역,539-101,41.46,편의점,2018-04-18,2023-06-16,6615641
822,개별(일반),5호선,행당역,539-301,30.84,꽃,2019-09-20,2024-10-19,2100000
823,공실,5호선,행당역,539-302,39,,,,
824,개별(일반),5호선,행당역,539-303,46.78,제과,2021-05-10,2026-06-09,2200000
825,네트워크,5호선,왕십리(5)역,540-201,40,편의점,2018-04-18,2023-06-16,5167430
826,개별(일반),5호선,왕십리(5)역,540-202,10.3,액세서리,2017-04-14,2022-05-14,650000
827,네트워크,5호선,왕십리(5)역,540-203,50.84,화장품(HB),2020-12-23,2026-03-23,3968788
828,네트워크,5호선,왕십리(5)역,540-401,204,공유오피스,2021-05-07,2026-11-03,2556015
829,개별(일반),5호선,왕십리(5)역,540-402,53.75,분식,2020-06-03,2025-07-03,3310000
830,개별(일반),5호선,왕십리(5)역,540-403,53.7,건강식품,2017-09-16,2022-10-15,2640000
831,개별(일반),5호선,왕십리(5)역,540-404,53.7,의류(여성),2017-03-16,2022-04-15,3020000
832,개별(일반),5호선,왕십리(5)역,540-405,55.83,의류,2019-12-18,2025-01-16,3640000
833,개별(일반),5호선,왕십리(5)역,540-406,50,사무실,2018-04-21,2023-05-20,516600
834,개별(일반),5호선,왕십리(5)역,540-407,84.48,의류,2020-06-22,2025-07-22,2153300
835,개별(일반),5호선,왕십리(5)역,540-408,37,의류(여성의류),2019-10-29,2024-11-27,4640000
836,개별(일반),5호선,왕십리(5)역,540-409,37,제과,2019-10-01,2024-10-30,5610000
837,개별(일반),5호선,왕십리(5)역,540-410,73.57,의류,2021-05-10,2026-06-09,4030000
838,네트워크,5호선,마장역,541-101,30,편의점,2018-04-18,2023-06-16,4361266
839,개별(일반),5호선,답십리역,542-101,50,의류,2020-06-15,2025-07-15,1250000
840,개별(일반),5호선,답십리역,542-103,61.97,사무실,2019-11-12,2024-12-11,421600
841,개별(일반),5호선,답십리역,542-104,57.89,분식,2020-08-03,2025-09-02,4560000
842,개별(일반),5호선,답십리역,542-202,25.5,꽃집,2019-09-23,2024-09-22,1800000
843,개별(일반),5호선,답십리역,542-203,35.8,의류,2020-02-21,2025-03-22,2831000
844,네트워크,5호선,답십리역,542-204,40,편의점,2018-04-18,2023-06-16,8179176
845,공실,5호선,답십리역,542-205,28.86,,,,
846,개별(일반),5호선,장한평역,543-101,24.5,낙찰,,,
847,개별(일반),5호선,장한평역,543-102,31.9,의류,2021-05-10,2026-06-09,2260000
848,네트워크,5호선,장한평역,543-103,52.8,편의점,2018-04-18,2023-06-16,11054529
849,네트워크,5호선,장한평역,543-201,29.8,제과,2016-05-27,2021-07-26,4766083
850,공실,5호선,장한평역,543-202,35.62,,,,
851,개별(일반),5호선,장한평역,543-203,31.98,액세서리,2017-03-09,2022-04-08,3022000
852,개별(대형),5호선,군자(5)역,544-103,90.6,화장품,2018-02-22,2023-04-02,7050000
853,개별(대형),5호선,군자(5)역,544-104,48,의류,2018-04-16,2023-04-02,
854,공실,5호선,군자(5)역,544-106,32.92,,,,
855,개별(일반),5호선,군자(5)역,544-107,44.67,화장품,2020-02-20,2025-03-21,3600000
856,네트워크,5호선,아차산역,545-101,19.6,제과,2016-05-27,2021-07-26,6299533
857,개별(일반),5호선,아차산역,545-102,19.6,꽃,2017-10-11,2022-11-09,2000000
858,개별(일반),5호선,아차산역,545-103,31.21,의류,2020-12-31,2026-01-30,2930000
859,네트워크,5호선,아차산역,545-201,48.37,의류,2018-05-09,2023-07-07,3556078
860,네트워크,5호선,아차산역,545-202,28.72,편의점,2018-04-18,2023-06-16,5882664
861,개별(일반),5호선,아차산역,545-203,44.22,"분식(김밥,주먹밥)",2018-12-28,2024-01-26,2833300
862,네트워크,5호선,광나루역,546-101,53.26,의류,2018-05-09,2023-07-07,3726868
863,개별(일반),5호선,광나루역,546-201,62.2,커피,2020-09-18,2025-10-18,3063600
864,네트워크,5호선,광나루역,546-202,45,편의점,2018-04-18,2023-06-16,8972033
865,개별(일반),5호선,광나루역,546-203,17.86,꽃(화훼),2018-10-23,2023-11-21,2150000
866,복합,5호선,천호(5)역,547-101,210,의류,2017-07-07,2022-11-04,217793378
867,복합,5호선,천호(5)역,547-102,214.67,화장품,2017-07-07,2022-11-04,
868,복합,5호선,천호(5)역,547-103,142.68,의류,2017-07-07,2022-11-04,
869,복합,5호선,천호(5)역,547-104,142.68,의류,2017-07-07,2022-11-04,
870,복합,5호선,천호(5)역,547-105,120.19,안경,2017-07-07,2022-11-04,
871,복합,5호선,천호(5)역,547-106,43.9,떡,2017-07-07,2022-11-04,
872,복합,5호선,천호(5)역,547-107,54.27,떡,2017-07-07,2022-11-04,
873,복합,5호선,천호(5)역,547-108,25.63,신발(구두),2017-07-07,2022-11-04,
874,복합,5호선,천호(5)역,547-109,12.37,신발(구두),2017-07-07,2022-11-04,
875,복합,5호선,천호(5)역,547-110,38.58,의류,2017-07-07,2022-11-04,
876,복합,5호선,천호(5)역,547-111,30.65,의류,2017-07-07,2022-11-04,
877,복합,5호선,천호(5)역,547-112,30.65,의류,2017-07-07,2022-11-04,
878,복합,5호선,천호(5)역,547-113,47.07,화장품,2017-07-07,2022-11-04,
879,복합,5호선,천호(5)역,547-114,47.47,화장품,2017-07-07,2022-11-04,
880,복합,5호선,천호(5)역,547-115,47.55,화장품,2017-07-07,2022-11-04,
881,복합,5호선,천호(5)역,547-116,47.32,액세서리,2017-07-07,2022-11-04,
882,복합,5호선,천호(5)역,547-117,34.15,제과제빵,2017-07-07,2022-11-04,
883,복합,5호선,천호(5)역,547-119,34.17,의류,2017-07-07,2022-11-04,
884,복합,5호선,천호(5)역,547-121,66.6,아이스크림,2017-07-07,2022-11-04,
885,복합,5호선,천호(5)역,547-122,72.11,의류,2017-07-07,2022-11-04,
886,복합,5호선,천호(5)역,547-123,22.41,샌드위치,2017-07-07,2022-11-04,
887,복합,5호선,천호(5)역,547-124,23.42,의류,2017-07-07,2022-11-04,
888,복합,5호선,천호(5)역,547-125,19.59,음료,2017-07-07,2022-11-04,
889,복합,5호선,천호(5)역,547-126,53,사무실,2017-07-07,2022-11-04,
890,복합,5호선,천호(5)역,547-201,22.38,의류,2017-07-07,2022-11-04,
891,복합,5호선,천호(5)역,547-202,56.22,액세서리,2017-07-07,2022-11-04,
892,복합,5호선,천호(5)역,547-203,238.24,잡화,2017-07-07,2022-11-04,
893,개별(일반),5호선,강동역,548-101,15,의류,2020-03-02,2025-04-01,2842500
894,개별(일반),5호선,강동역,548-102,15,의류,2019-12-20,2025-01-18,2638000
895,네트워크,5호선,강동역,548-103,57.26,편의점,2018-04-18,2023-06-16,10222861
896,개별(일반),5호선,강동역,548-104,24.44,건강식품,2020-10-23,2025-11-22,1880000
897,소송상가,5호선,강동역,548-301,29.58,의류,2016-11-07,2022-02-05,14919520
898,소송상가,5호선,강동역,548-302,31.58,제과,2016-11-07,2022-02-05,
899,소송상가,5호선,강동역,548-303,20.44,제과,2016-11-07,2022-02-05,
900,소송상가,5호선,강동역,548-304,96.47,헤어,2016-11-07,2022-02-05,
901,소송상가,5호선,강동역,548-305,202.41,의류,2016-11-07,2022-02-05,
902,소송상가,5호선,강동역,548-306,16.4,창고,2016-11-07,2022-02-05,
903,네트워크,5호선,길동역,549-101,31.82,편의점,2018-04-18,2023-06-16,5116421
904,네트워크,5호선,굽은다리역,550-101,30,편의점,2018-04-18,2023-06-16,5299388
905,개별(일반),5호선,굽은다리역,550-102,14.5,의류,2017-03-09,2022-04-08,999990
906,공실,5호선,굽은다리역,550-103,34.43,,,,
907,개별(일반),5호선,굽은다리역,550-104,34.43,제과,2020-09-18,2025-10-18,2516600
908,개별(일반),5호선,굽은다리역,550-105,23,제과,2018-09-28,2023-10-27,3130000
909,네트워크,5호선,명일역,551-101,30,편의점,2018-04-18,2023-06-16,5086481
910,개별(일반),5호선,명일역,551-102,44.27,의류,2018-10-23,2023-11-21,2300000
911,개별(일반),5호선,명일역,551-103,25.05,의류,2020-12-17,2026-01-16,1200000
912,개별(일반),5호선,명일역,551-104,29.77,의류,2020-12-02,2026-01-01,1481800
913,네트워크,5호선,고덕역,552-101,28.62,편의점,2018-04-18,2023-06-16,5036580
914,개별(일반),5호선,고덕역,552-102,42.94,제과,2017-10-11,2022-11-09,2876000
915,네트워크,5호선,상일동역,553-101,31.46,편의점,2018-04-18,2023-06-16,5759577
916,개별(일반),5호선,상일동역,553-102,17.85,의류,2019-04-02,2024-05-01,1100000
917,개별(일반),5호선,상일동역,553-103,17.92,제과(완제품),2017-09-16,2022-10-15,1200000
918,네트워크,5호선,둔촌동역,554-101,29,편의점,2018-04-18,2023-06-16,5386990
919,개별(일반),5호선,둔촌동역,554-102,28.71,제과,2020-12-24,2026-01-23,1750000
920,개별(일반),5호선,둔촌동역,554-103,13.5,의류,2019-12-21,2025-01-19,2065000
921,개별(일반),5호선,둔촌동역,554-104,31.17,제과,2021-04-07,2026-05-07,3752500
922,네트워크,5호선,올림픽공원역,555-201,37.2,편의점,2018-04-18,2023-06-16,5832764
923,공실,5호선,방이역,556-101,19.3,,,,
924,네트워크,5호선,방이역,556-102,36.48,편의점,2018-04-18,2023-06-16,5832764
925,네트워크,5호선,오금(5)역,557-101,27.38,편의점,2018-04-18,2023-06-16,3373245
926,네트워크,5호선,개롱역,558-101,40,편의점,2018-04-18,2023-06-16,6316240
927,네트워크,5호선,거여역,559-101,28.98,편의점,2018-04-18,2023-06-16,4559758
928,네트워크,5호선,마천역,560-201,30,편의점,2018-04-18,2023-06-16,4234853
929,네트워크,6호선,응암역,610-101,34.64,제과,2016-06-07,2021-08-06,5701434
930,67일괄,6호선,응암역,610-102,30,,,,
931,67일괄,6호선,응암역,610-103,50,,,,
932,67일괄,6호선,응암역,610-104,31,,,,
933,67일괄,6호선,응암역,610-105,15,,,,
934,네트워크,6호선,응암역,610-201,38.8,편의점,2016-07-25,2021-11-17,16641024
935,네트워크,6호선,역촌역,611-101,31.5,편의점,2016-07-25,2021-11-17,3889667
936,공실,6호선,역촌역,611-102,72,,,,
937,공실,6호선,역촌역,611-103,37,,,,
938,공실,6호선,역촌역,611-104,37,,,,
939,개별(일반),6호선,불광(6)역,612-101,43,공익상가(장난감나라),2020-02-24,2025-02-24,495000
940,공실,6호선,불광(6)역,612-102,34,,,,
941,공실,6호선,불광(6)역,612-103,47,,,,
942,공실,6호선,불광(6)역,612-104,46,,,,
943,공실,6호선,불광(6)역,612-201,30,,,,
944,네트워크,6호선,불광(6)역,612-202,30,편의점,2016-07-25,2021-11-17,1370645
945,네트워크,6호선,독바위역,613-101,31.3,편의점,2016-07-25,2021-11-17,2860106
946,공실,6호선,독바위역,613-102,85,,,,
947,네트워크,6호선,연신내(6)역,614-101,44,편의점,2016-07-25,2021-11-17,11916787
948,개별(일반),6호선,연신내(6)역,614-301,12,디저트(완제품),2020-02-24,2025-03-25,1386900
949,네트워크,6호선,연신내(6)역,614-302,26.6,의류,2018-05-12,2023-07-10,2500150
950,네트워크,6호선,연신내(6)역,614-501,18.32,제과,2016-05-27,2021-07-26,2684183
951,개별(일반),6호선,연신내(6)역,614-502,14.17,의류,2017-03-16,2022-04-15,3550000
952,네트워크,6호선,구산역,615-101,33.2,편의점,2016-07-25,2021-11-17,7210770
953,67일괄,6호선,구산역,615-102,58,,,,
954,67일괄,6호선,구산역,615-103,30,,,,
955,67일괄,6호선,구산역,615-104,33,,,,
956,67일괄,6호선,구산역,615-105,33,,,,
957,개별(일반),6호선,새절역,616-101,43.6,제과,2020-04-09,2025-05-09,4100000
958,네트워크,6호선,새절역,616-102,25,편의점,2016-07-25,2021-11-17,8914678
959,개별(일반),6호선,새절역,616-103,30.14,의류,2021-03-18,2026-04-17,3780000
960,개별(일반),6호선,새절역,616-104,26,의류,2018-10-23,2023-11-21,3595400
961,67일괄,6호선,새절역,616-105,39,,,,
962,네트워크,6호선,증산역,617-101,28,편의점,2016-07-25,2021-11-17,7956050
963,개별(일반),6호선,증산역,617-102,31,의류,2020-07-13,2025-08-12,3154000
964,67일괄,6호선,증산역,617-103,37,,,,
965,67일괄,6호선,증산역,617-104,29,,,,
966,67일괄,6호선,증산역,617-105,48,,,,
967,개별(일반),6호선,디지털미디어시티역,618-003,95.86,메디컬(약국),2016-10-20,2022-01-18,3461833
968,개별(대형),6호선,디지털미디어시티역,618-004,212.39,메디컬(의원),2016-10-16,2022-01-19,4255000
969,네트워크,6호선,디지털미디어시티역,618-101,31.64,액세서리,2018-05-09,2023-07-07,2608636
970,네트워크,6호선,디지털미디어시티역,618-102,33,편의점,2016-07-25,2021-11-17,6279857
971,67일괄,6호선,디지털미디어시티역,618-104,110,,,,
972,67일괄,6호선,디지털미디어시티역,618-106,40,,,,
973,67일괄,6호선,디지털미디어시티역,618-107,30,,,,
974,67일괄,6호선,디지털미디어시티역,618-108,81,,,,
975,67일괄,6호선,디지털미디어시티역,618-109,33,,,,
976,네트워크,6호선,월드컵경기장역,619-201,43,편의점,2016-07-25,2021-11-17,4265462
977,네트워크,6호선,마포구청역,620-101,39,편의점,2016-07-25,2021-11-17,8887786
978,67일괄,6호선,마포구청역,620-102,32.58,,,,
979,67일괄,6호선,마포구청역,620-104,73,,,,
980,67일괄,6호선,마포구청역,620-201,40,,,,
981,67일괄,6호선,마포구청역,620-202,51,,,,
982,67일괄,6호선,마포구청역,620-203,35,,,,
983,67일괄,6호선,마포구청역,620-204,44,,,,
984,네트워크,6호선,망원역,621-101,28,편의점,2016-07-25,2021-11-17,7733234
985,개별(일반),6호선,망원역,621-102,45.17,의류,2018-11-27,2023-12-26,2100000
986,67일괄,6호선,망원역,621-103,29,,,,
987,67일괄,6호선,망원역,621-104,50,,,,
988,67일괄,6호선,망원역,621-105,39,,,,
989,개별(일반),6호선,합정(6)역,622-101,28.51,제과(완제품),2021-03-15,2026-04-14,4033300
990,네트워크,6호선,합정(6)역,622-102,37.67,의류,2018-05-12,2023-07-10,4586462
991,네트워크,6호선,합정(6)역,622-103,45,편의점,2016-07-25,2021-11-17,19812605
992,개별(일반),6호선,합정(6)역,622-106,58,양키캔들,2020-07-15,2025-08-14,8034000
993,공실,6호선,합정(6)역,622-107,42.41,,,,
994,67일괄,6호선,합정(6)역,622-108,50,,,,
995,67일괄,6호선,합정(6)역,622-109,60,,,,
996,67일괄,6호선,합정(6)역,622-117,75,,,,
997,소송상가,6호선,합정(6)역,622-301,11.7,공실,2017-02-22,2022-05-23,
998,소송상가,6호선,합정(6)역,622-302,42.2,액세서리,2017-02-22,2022-05-23,8057669
999,개별(일반),6호선,합정(6)역,622-303,15.8,제과,2018-04-10,2023-05-09,13110000
1000,소송상가,6호선,합정(6)역,622-304,33.2,공실,2017-02-22,2022-05-23,
1001,소송상가,6호선,합정(6)역,622-305,90.4,의류,2017-02-22,2022-05-23,14505111
1002,소송상가,6호선,합정(6)역,622-306,12.6,화장품,2017-02-22,2022-05-23,1986274
1003,네트워크,6호선,합정(6)역,622-307,22.54,플라워,2018-11-27,2024-01-25,2778813
1004,67일괄,6호선,합정(6)역,622-308,33.9,,,,
1005,공실,6호선,상수역,623-101,33,,,,
1006,공실,6호선,상수역,623-102,33,,,,
1007,네트워크,6호선,상수역,623-201,35,편의점,2016-07-25,2021-11-17,10415664
1008,67일괄,6호선,상수역,623-202,29,,,,
1009,67일괄,6호선,상수역,623-203,38,,,,
1010,67일괄,6호선,상수역,623-204,41,,,,
1011,67일괄,6호선,상수역,623-205,38,,,,
1012,네트워크,6호선,광흥창역,624-101,40,편의점,2016-07-25,2021-11-17,5471602
1013,67일괄,6호선,광흥창역,624-102,25,,,,
1014,공실,6호선,광흥창역,624-103,20,,,,
1015,67일괄,6호선,광흥창역,624-203,187,,,,
1016,67일괄,6호선,광흥창역,624-206,66,,,,
1017,네트워크,6호선,대흥역,625-101,45,편의점,2016-07-25,2021-11-17,9890867
1018,개별(일반),6호선,대흥역,625-102,43.67,의류,2019-11-19,2024-12-18,2870000
1019,공실,6호선,대흥역,625-203,23,,,,
1020,개별(일반),6호선,공덕(6)역,626-124,36,의류,2018-09-21,2023-10-20,7269700
1021,개별(일반),6호선,공덕(6)역,626-125,37,의류,2020-02-24,2025-03-25,6671100
1022,개별(일반),6호선,공덕(6)역,626-126,32,푸른마을,2021-03-13,2026-03-12,2770000
1023,개별(일반),6호선,공덕(6)역,626-127,27,액세서리,2018-02-23,2023-03-24,5120000
1024,개별(일반),6호선,공덕(6)역,626-128,24,화장품,2018-06-22,2023-07-21,7500000
1025,네트워크,6호선,공덕(6)역,626-129,39.4,편의점,2016-07-25,2021-11-17,17509209
1026,67일괄,6호선,공덕(6)역,626-130,30,,,,
1027,67일괄,6호선,공덕(6)역,626-131,22,,,,
1028,개별(일반),6호선,공덕(6)역,626-132,32,분식(떡볶이),2020-07-16,2025-08-15,6880000
1029,67일괄,6호선,공덕(6)역,626-133,48,,,,
1030,소송상가,6호선,공덕(6)역,626-135,165,제과음료,2017-02-22,2022-05-23,15963063
1031,소송상가,6호선,공덕(6)역,626-136,112,의류,2017-02-22,2022-05-23,10835534
1032,소송상가,6호선,공덕(6)역,626-201,13.6,공실,2017-02-22,2022-05-23,
1033,67일괄,6호선,공덕(6)역,626-202,52,,,,
1034,네트워크,6호선,효창공원앞역,627-101,43,편의점,2016-07-25,2021-11-17,8991099
1035,67일괄,6호선,효창공원앞역,627-102,33,,,,
1036,개별(일반),6호선,효창공원앞역,627-103,31,제과,2020-07-06,2025-08-05,2583300
1037,67일괄,6호선,효창공원앞역,627-104,33,,,,
1038,67일괄,6호선,효창공원앞역,627-105,31,,,,
1039,67일괄,6호선,효창공원앞역,627-106,63,,,,
1040,개별(일반),6호선,삼각지(6)역,628-165,258.2,사무실 및 전시홍보,2020-06-26,2025-06-25,1882000
1041,네트워크,6호선,삼각지(6)역,628-301,31.8,편의점,2016-07-25,2021-11-17,6767033
1042,공실,6호선,삼각지(6)역,628-303,38,,,,
1043,공실,6호선,삼각지(6)역,628-304,30,,,,
1044,공실,6호선,삼각지(6)역,628-307,46,,,,
1045,개별(일반),6호선,삼각지(6)역,628-308,40,액세서리,2020-07-06,2025-08-05,3007000
1046,네트워크,6호선,녹사평역,629-101,40,편의점,2016-07-25,2021-11-17,8687609
1047,네트워크,6호선,이태원역,630-101,25,편의점,2016-07-25,2021-11-17,11524939
1048,67일괄,6호선,이태원역,630-102,19,,,,
1049,67일괄,6호선,이태원역,630-103,34,,,,
1050,네트워크,6호선,한강진역,631-101,40,편의점,2016-07-25,2021-11-17,8226611
1051,개별(일반),6호선,한강진역,631-102,64,제과,2020-07-06,2025-08-05,2000000
1052,개별(일반),6호선,한강진역,631-104,62,제과(완제품),2020-07-06,2025-08-05,2133300
1053,67일괄,6호선,한강진역,631-105,64,,,,
1054,공실,6호선,버티고개역,632-102,26,,,,
1055,네트워크,6호선,약수(6)역,633-203,77,편의점,2016-07-25,2021-11-17,10564528
1056,공실,6호선,약수(6)역,633-204,46,,,,
1057,공실,6호선,약수(6)역,633-205,85,,,,
1058,공실,6호선,약수(6)역,633-206,33,,,,
1059,공실,6호선,약수(6)역,633-207,39,,,,
1060,네트워크,6호선,신당(6)역,635-101,40,편의점,2016-07-25,2021-11-17,7397913
1061,67일괄,6호선,신당(6)역,635-103,73,,,,
1062,67일괄,6호선,신당(6)역,635-105,30,,,,
1063,67일괄,6호선,신당(6)역,635-106,26,,,,
1064,네트워크,6호선,신당(6)역,635-201,34.1,제과,2016-05-27,2021-07-26,3922883
1065,네트워크,6호선,신당(6)역,635-202,142.14,의류,2018-05-12,2023-07-10,8994730
1066,개별(일반),6호선,신당(6)역,635-203,30,꽃집,2020-01-10,2025-02-08,1985000
1067,공실,6호선,동묘앞(6)역,636-101,45,,,,
1068,네트워크,6호선,동묘앞(6)역,636-201,48,편의점,2016-07-25,2021-11-17,6967649
1069,67일괄,6호선,동묘앞(6)역,636-205,26,,,,
1070,67일괄,6호선,동묘앞(6)역,636-206,30,,,,
1071,67일괄,6호선,동묘앞(6)역,636-207,43,,,,
1072,네트워크,6호선,창신역,637-101,28,편의점,2016-07-25,2021-11-17,2689152
1073,공실,6호선,보문역,638-101,43.35,,,,
1074,개별(일반),6호선,보문역,638-102,14.1,생활용품,2018-11-20,2023-12-19,825000
1075,네트워크,6호선,보문역,638-103,35,편의점,2016-07-25,2021-11-17,7083036
1076,공실,6호선,보문역,638-104,16,,,,
1077,개별(일반),6호선,보문역,638-105,24,액세서리,2020-06-29,2025-07-29,1650000
1078,67일괄,6호선,보문역,638-106,36,,,,
1079,67일괄,6호선,안암역,639-103,31,,,,
1080,67일괄,6호선,안암역,639-104,31,,,,
1081,67일괄,6호선,안암역,639-105,17,,,,
1082,네트워크,6호선,안암역,639-201,42.2,편의점,2016-07-25,2021-11-17,14660052
1083,공실,6호선,안암역,639-202,40.99,,,,
1084,공실,6호선,안암역,639-203,30,,,,
1085,67일괄,6호선,안암역,639-204,27,,,,
1086,67일괄,6호선,안암역,639-205,32,,,,
1087,네트워크,6호선,고려대역,640-101,35,편의점,2016-07-25,2021-11-17,10602944
1088,67일괄,6호선,고려대역,640-102,38.4,,,,
1089,67일괄,6호선,고려대역,640-103,63,,,,
1090,67일괄,6호선,고려대역,640-104,37,,,,
1091,67일괄,6호선,고려대역,640-105,25,,,,
1092,네트워크,6호선,월곡역,641-101,35,편의점,2016-07-25,2021-11-17,11260826
1093,67일괄,6호선,월곡역,641-102,27,,,,
1094,67일괄,6호선,월곡역,641-103,30,,,,
1095,개별(일반),6호선,월곡역,641-201,31.83,분식(어묵),2018-11-27,2023-12-26,1050000
1096,67일괄,6호선,월곡역,641-202,16,,,,
1097,67일괄,6호선,월곡역,641-203,58,,,,
1098,67일괄,6호선,월곡역,641-204,85,,,,
1099,네트워크,6호선,상월곡역,642-201,38.4,편의점,2016-07-25,2021-11-17,4299077
1100,공실,6호선,상월곡역,642-203,40,,,,
1101,공실,6호선,상월곡역,642-204,39,,,,
1102,공실,6호선,상월곡역,642-205,95,,,,
1103,네트워크,6호선,돌곶이역,643-101,37.8,편의점,2016-07-25,2021-11-17,8738785
1104,67일괄,6호선,돌곶이역,643-102,53,,,,
1105,67일괄,6호선,돌곶이역,643-103,30,,,,
1106,개별(일반),6호선,돌곶이역,643-104,41,의류,2020-07-24,2025-08-23,3270000
1107,67일괄,6호선,돌곶이역,643-105,22,,,,
1108,67일괄,6호선,돌곶이역,643-106,15,,,,
1109,67일괄,6호선,돌곶이역,643-107,37,,,,
1110,공실,6호선,석계역,644-102,72,,,,
1111,공실,6호선,석계역,644-103,17,,,,
1112,공실,6호선,석계역,644-104,17,,,,
1113,공실,6호선,석계역,644-105,17,,,,
1114,공실,6호선,석계역,644-106,33,,,,
1115,공실,6호선,석계역,644-107,29,,,,
1116,네트워크,6호선,석계역,644-202,25.7,제과,2016-06-07,2021-08-06,4900302
1117,네트워크,6호선,석계역,644-205,58,편의점,2016-07-25,2021-11-17,16162081
1118,공실,6호선,석계역,644-206,64,,,,
1119,공실,6호선,석계역,644-207,63,,,,
1120,공실,6호선,석계역,644-208,66,,,,
1121,공실,6호선,석계역,644-209,30,,,,
1122,공실,6호선,석계역,644-210,49,,,,
1123,공실,6호선,석계역,644-211,33,,,,
1124,공실,6호선,석계역,644-212,33,,,,
1125,공실,6호선,태릉입구(6)역,645-101,22.97,,,,
1126,개별(일반),6호선,태릉입구(6)역,645-103,31.5,의류,2019-10-29,2024-11-27,1290000
1127,개별(일반),6호선,태릉입구(6)역,645-104,40,의류,2019-11-12,2024-12-11,1680000
1128,개별(일반),6호선,태릉입구(6)역,645-106,36,베이커리(완제품),2021-01-15,2026-03-01,729000
1129,67일괄,6호선,태릉입구(6)역,645-109,39,,,,
1130,67일괄,6호선,태릉입구(6)역,645-110,78,,,,
1131,67일괄,6호선,태릉입구(6)역,645-112,38,,,,
1132,개별(일반),6호선,태릉입구(6)역,645-113,33,잡화,2020-07-23,2025-08-22,1483300
1133,67일괄,6호선,태릉입구(6)역,645-114,97,,,,
1134,네트워크,6호선,태릉입구(6)역,645-301,27.27,의류,2018-05-12,2023-07-10,2212067
1135,네트워크,6호선,화랑대역,646-101,30,편의점,2016-07-25,2021-11-17,7478862
1136,개별(일반),6호선,화랑대역,646-102,34.6,낙찰,,,
1137,개별(일반),6호선,화랑대역,646-103,32,의류,2019-09-23,2024-09-22,1130000
1138,67일괄,6호선,화랑대역,646-104,50,,,,
1139,67일괄,6호선,화랑대역,646-105,30,,,,
1140,개별(일반),6호선,화랑대역,646-106,28,제빵,2020-07-06,2025-08-05,4014800
1141,67일괄,6호선,화랑대역,646-107,35,,,,
1142,네트워크,6호선,봉화산역,647-101,47,편의점,2016-07-25,2021-11-17,6932114
1143,67일괄,6호선,봉화산역,647-102,87,,,,
1144,67일괄,6호선,봉화산역,647-103,87,,,,
1145,67일괄,6호선,봉화산역,647-104,33,,,,
1146,67일괄,6호선,봉화산역,647-105,33,,,,
1147,67일괄,6호선,봉화산역,647-106,34,,,,
1148,개별(일반),6호선,봉화산역,647-107,27,제과(호두과자),2020-07-06,2025-08-05,1130000
1149,67일괄,7호선,도봉산역,710-006,36,,,,
1150,개별(일반),7호선,도봉산역,710-007,44,제과,2020-07-24,2025-08-23,1110000
1151,개별(일반),7호선,도봉산역,710-008,38,분식(어묵),2020-07-02,2025-08-01,1083300
1152,개별(대형),7호선,수락산역,711-102,121.47,사무실,2019-05-08,2024-06-06,420000
1153,개별(일반),7호선,수락산역,711-201,40.08,건강식품,2019-12-21,2025-01-19,1150000
1154,네트워크,7호선,수락산역,711-202,37.88,편의점,2020-02-13,2025-04-12,8858850
1155,개별(일반),7호선,수락산역,711-203,56.48,의류,2019-10-29,2024-11-27,1670000
1156,67일괄,7호선,수락산역,711-204,44,,,,
1157,67일괄,7호선,수락산역,711-205,43,,,,
1158,개별(일반),7호선,수락산역,711-206,44,제과(호두과자),2020-07-02,2025-08-01,1271200
1159,개별(일반),7호선,수락산역,711-207,58,농산물,2020-07-02,2025-08-01,1767700
1160,공실,7호선,수락산역,711-209,100,,,,
1161,개별(일반),7호선,마들역,712-101,33,꽃집,2020-05-29,2025-06-28,466600
1162,개별(일반),7호선,마들역,712-102,33,의류,2019-10-29,2024-11-27,500000
1163,개별(일반),7호선,마들역,712-108,33,기념용품,2020-06-15,2025-07-15,500000
1164,공실,7호선,마들역,712-109,33,,,,
1165,공실,7호선,마들역,712-110,33.25,,,,
1166,네트워크,7호선,마들역,712-111,33.11,편의점,2020-02-13,2025-04-12,6137560
1167,네트워크,7호선,마들역,712-113,230.7,공유오피스,2021-05-07,2026-11-03,2120183
1168,개별(일반),7호선,마들역,712-105,33,문화복지,2020-03-02,2025-05-01,2466000
1169,개별(일반),7호선,마들역,712-106,33,문화복지,2020-03-02,2025-05-01,
1170,개별(일반),7호선,마들역,712-107,33,문화복지,2020-03-02,2025-05-01,
1171,개별(일반),7호선,마들역,712-114,33,문화복지,2020-03-02,2025-05-01,
1172,개별(일반),7호선,마들역,712-115,33,문화복지,2020-03-02,2025-05-01,
1173,개별(일반),7호선,마들역,712-116,45,문화복지,2020-03-02,2025-05-01,
1174,개별(일반),7호선,마들역,712-117,35,문화복지,2020-03-02,2025-05-01,
1175,개별(일반),7호선,마들역,712-118,35,문화복지,2020-03-02,2025-05-01,
1176,개별(일반),7호선,마들역,712-119,36,문화복지,2020-03-02,2025-05-01,
1177,개별(일반),7호선,마들역,712-120,31,문화복지,2020-03-02,2025-05-01,
1178,공실,7호선,마들역,712-202,45,,,,
1179,공실,7호선,마들역,712-203,45,,,,
1180,개별(일반),7호선,마들역,712-204,20,의류,2020-07-02,2025-08-01,648100
1181,복합,7호선,노원(7)역,713-101,36.4,베이커리,2016-07-08,2021-11-06,27943265
1182,복합,7호선,노원(7)역,713-102,29,식음,2016-07-08,2021-11-06,
1183,복합,7호선,노원(7)역,713-103,29,액세서리,2016-07-08,2021-11-06,
1184,복합,7호선,노원(7)역,713-104,51,의류,2016-07-08,2021-11-06,
1185,복합,7호선,노원(7)역,713-106,24,의류,2016-07-08,2021-11-06,
1186,복합,7호선,노원(7)역,713-107,28.3,분식,2016-07-08,2021-11-06,
1187,복합,7호선,노원(7)역,713-108,32.5,식음,2016-07-08,2021-11-06,
1188,복합,7호선,노원(7)역,713-109,33.6,의류,2016-07-08,2021-11-06,
1189,복합,7호선,노원(7)역,713-110,33.6,농특산물,2016-07-08,2021-11-06,
1190,복합,7호선,노원(7)역,713-111,33.6,액세서리,2016-07-08,2021-11-06,
1191,복합,7호선,노원(7)역,713-112,33.6,의류,2016-07-08,2021-11-06,
1192,복합,7호선,노원(7)역,713-113,33.6,액세서리,2016-07-08,2021-11-06,
1193,복합,7호선,노원(7)역,713-114,41,의류,2016-07-08,2021-11-06,
1194,복합,7호선,노원(7)역,713-115,18,의류,2016-07-08,2021-11-06,
1195,복합,7호선,노원(7)역,713-117,45,화장품,2016-07-08,2021-11-06,
1196,복합,7호선,노원(7)역,713-118,33,액세서리,2016-07-08,2021-11-06,
1197,네트워크,7호선,노원(7)역,713-116,55.15,편의점,2020-02-13,2025-04-12,19781190
1198,개별(일반),7호선,노원(7)역,713-120,17,의류,2020-07-02,2025-08-01,2560000
1199,개별(일반),7호선,노원(7)역,713-121,24,의류,2020-06-29,2025-07-29,2510000
1200,67일괄,7호선,노원(7)역,713-202,40,,,,
1201,67일괄,7호선,노원(7)역,713-203,37,,,,
1202,개별(일반),7호선,노원(7)역,713-255,52,사무실,2020-02-01,2025-01-31,599400
1203,67일괄,7호선,중계역,714-101,30.6,,,,
1204,개별(대형),7호선,중계역,714-102,105.6,식음료,2019-09-23,2024-09-22,4560000
1205,67일괄,7호선,중계역,714-104,17,,,,
1206,네트워크,7호선,중계역,714-201,32.91,편의점,2020-02-13,2025-04-12,8936070
1207,67일괄,7호선,중계역,714-203,30,,,,
1208,67일괄,7호선,중계역,714-204,34,,,,
1209,67일괄,7호선,중계역,714-205,41,,,,
1210,67일괄,7호선,중계역,714-206,59,,,,
1211,67일괄,7호선,중계역,714-207,50,,,,
1212,개별(일반),7호선,하계역,715-101,55.01,제과,2019-12-18,2024-12-17,7260000
1213,네트워크,7호선,하계역,715-102,40.8,편의점,2020-02-13,2025-04-12,14478750
1214,개별(일반),7호선,하계역,715-103,36.57,제과제빵,2019-10-08,2024-11-06,4310000
1215,67일괄,7호선,하계역,715-104,65,,,,
1216,67일괄,7호선,하계역,715-106,32,,,,
1217,67일괄,7호선,하계역,715-107,32,,,,
1218,개별(일반),7호선,하계역,715-108,26,액세서리,2020-07-01,2025-07-31,2250000
1219,개별(일반),7호선,하계역,715-109,70,의류,2020-06-30,2025-07-30,4770000
1220,67일괄,7호선,하계역,715-110,47,,,,
1221,67일괄,7호선,하계역,715-111,33,,,,
1222,네트워크,7호선,공릉역,716-101,29.88,액세서리,2018-05-09,2023-07-07,1767769
1223,네트워크,7호선,공릉역,716-102,28.91,편의점,2020-02-13,2025-04-12,7699120
1224,개별(일반),7호선,공릉역,716-103,29.42,의류,2019-10-05,2024-11-03,3230000
1225,개별(일반),7호선,공릉역,716-104,30,의류,2020-07-01,2025-07-31,2300000
1226,개별(일반),7호선,공릉역,716-105,50,제과,2020-07-01,2025-07-31,3600000
1227,67일괄,7호선,공릉역,716-106,40,,,,
1228,네트워크,7호선,태릉입구(7)역,717-102,37.14,편의점,2020-02-13,2025-04-12,9603880
1229,67일괄,7호선,태릉입구(7)역,717-105,31,,,,
1230,67일괄,7호선,태릉입구(7)역,717-112,33,,,,
1231,개별(일반),7호선,태릉입구(7)역,717-302,59,의류,2018-02-23,2023-03-24,8630000
1232,개별(일반),7호선,태릉입구(7)역,717-303,59,의류,2018-02-23,2023-03-24,8630000
1233,67일괄,7호선,태릉입구(7)역,717-304,50,,,,
1234,67일괄,7호선,태릉입구(7)역,717-305,40,,,,
1235,개별(일반),7호선,태릉입구(7)역,717-307,45,의류,2020-07-23,2025-08-22,2033300
1236,67일괄,7호선,먹골역,718-101,48,,,,
1237,67일괄,7호선,먹골역,718-109,34,,,,
1238,네트워크,7호선,먹골역,718-201,24.38,편의점,2020-02-13,2025-04-12,6181890
1239,67일괄,7호선,먹골역,718-202,58,,,,
1240,67일괄,7호선,먹골역,718-203,57,,,,
1241,공실,7호선,먹골역,718-204,50,,,,
1242,67일괄,7호선,먹골역,718-205,35,,,,
1243,67일괄,7호선,먹골역,718-206,35,,,,
1244,네트워크,7호선,중화역,719-101,29.7,편의점,2020-02-13,2025-04-12,7671950
1245,개별(일반),7호선,중화역,719-102,39.02,의류,2020-03-12,2025-04-11,3560000
1246,복합,7호선,중화역,719-103,28.43,신발,2017-03-20,2022-06-18,13013482
1247,복합,7호선,중화역,719-104,39.57,의류,2017-03-20,2022-06-18,
1248,복합,7호선,중화역,719-105,37.38,제과,2017-03-20,2022-06-18,
1249,복합,7호선,중화역,719-106,95.23,의류,2017-03-20,2022-06-18,
1250,개별(일반),7호선,중화역,719-109,30,의류,2020-04-17,2025-05-17,2789300
1251,67일괄,7호선,중화역,719-112,44,,,,
1252,67일괄,7호선,중화역,719-113,50,,,,
1253,67일괄,7호선,중화역,719-114,18,,,,
1254,67일괄,7호선,중화역,719-115,45,,,,
1255,공실,7호선,중화역,719-201,48,,,,
1256,67일괄,7호선,중화역,719-202,70,,,,
1257,67일괄,7호선,중화역,719-203,50,,,,
1258,67일괄,7호선,상봉역,720-102,60,,,,
1259,개별(일반),7호선,상봉역,720-201,43.09,액세서리,2018-09-28,2023-11-26,4246900
1260,네트워크,7호선,상봉역,720-202,45.48,편의점,2020-02-13,2025-04-12,13788060
1261,67일괄,7호선,상봉역,720-203,74,,,,
1262,67일괄,7호선,상봉역,720-204,53,,,,
1263,67일괄,7호선,상봉역,720-205,52,,,,
1264,67일괄,7호선,상봉역,720-206,78,,,,
1265,네트워크,7호선,면목역,721-101,29,의류,2018-05-09,2023-07-07,2132026
1266,네트워크,7호선,면목역,721-102,36.08,편의점,2020-02-13,2025-04-12,10569130
1267,개별(일반),7호선,면목역,721-103,32,제과,2020-06-08,2025-07-08,4500000
1268,개별(일반),7호선,면목역,721-104,16.8,의류,2019-09-20,2024-10-19,1850000
1269,67일괄,7호선,면목역,721-105,24,,,,
1270,67일괄,7호선,면목역,721-106,78,,,,
1271,67일괄,7호선,면목역,721-108,52,,,,
1272,67일괄,7호선,면목역,721-109,53,,,,
1273,67일괄,7호선,면목역,721-110,107,,,,
1274,개별(일반),7호선,면목역,721-301,64,제과,2019-09-23,2024-09-22,4500300
1275,복합,7호선,면목역,721-302,45.56,의류,2017-03-20,2022-06-18,8706792
1276,복합,7호선,면목역,721-303,55.05,의류,2017-03-20,2022-06-18,
1277,복합,7호선,면목역,721-304,16.93,제과,2017-03-20,2022-06-18,
1278,복합,7호선,면목역,721-305,16.68,제과,2017-03-20,2022-06-18,
1279,67일괄,7호선,사가정역,722-102,58,,,,
1280,67일괄,7호선,사가정역,722-103,112,,,,
1281,67일괄,7호선,사가정역,722-104,46,,,,
1282,개별(일반),7호선,사가정역,722-301,21.9,사무실,2019-05-21,2024-06-19,233500
1283,네트워크,7호선,사가정역,722-302,32.21,편의점,2020-02-13,2025-04-12,11204050
1284,복합,7호선,사가정역,722-303,26.03,의류,2017-03-20,2022-06-18,15254726
1285,복합,7호선,사가정역,722-304,25.64,의류,2017-03-20,2022-06-18,
1286,복합,7호선,사가정역,722-305,106.54,의류(액세서리),2017-03-20,2022-06-18,
1287,복합,7호선,사가정역,722-306,41.82,의류(잡화),2017-03-20,2022-06-18,
1288,복합,7호선,사가정역,722-307,35.13,의류,2017-03-20,2022-06-18,
1289,67일괄,7호선,사가정역,722-309,93,,,,
1290,네트워크,7호선,용마산역,723-101,28.8,편의점,2020-02-13,2025-04-12,5070780
1291,67일괄,7호선,용마산역,723-105,66,,,,
1292,개별(일반),7호선,용마산역,723-106,36,성문화센터(사무실),2020-11-18,2025-12-18,1382400
1293,개별(일반),7호선,용마산역,723-107,35,성문화센터(사무실),2020-11-18,2025-12-18,
1294,67일괄,7호선,용마산역,723-301,55,,,,
1295,67일괄,7호선,용마산역,723-302,55,,,,
1296,개별(일반),7호선,용마산역,723-303,58,성문화센터(사무실),2020-11-18,2025-12-18,
1297,네트워크,7호선,중곡역,724-101,35.16,편의점,2020-02-13,2025-04-12,5995990
1298,개별(일반),7호선,중곡역,724-201,46.99,의류,2020-10-23,2025-11-22,2500300
1299,67일괄,7호선,중곡역,724-202,46,,,,
1300,67일괄,7호선,중곡역,724-203,14,,,,
1301,네트워크,7호선,군자(7)역,725-101,54.82,편의점,2020-02-13,2025-04-12,14890590
1302,공실,7호선,군자(7)역,725-102,43,,,,
1303,67일괄,7호선,군자(7)역,725-103,40,,,,
1304,67일괄,7호선,군자(7)역,725-104,50,,,,
1305,67일괄,7호선,군자(7)역,725-105,55,,,,
1306,네트워크,7호선,군자(7)역,725-301,33.9,의류,2018-05-12,2023-07-10,2618429
1307,네트워크,7호선,군자(7)역,725-302,86.95,의류,2018-05-09,2023-07-07,3196209
1308,67일괄,7호선,군자(7)역,725-303,32.7,,,,
1309,네트워크,7호선,군자(7)역,725-304,20,제과전문점,2021-02-25,2026-04-26,4336640
1310,67일괄,7호선,군자(7)역,725-305,24.24,,,,
1311,개별(일반),7호선,군자(7)역,725-306,23.5,제과(호두과자),2019-12-21,2025-01-19,5032000
1312,67일괄,7호선,군자(7)역,725-307,33,,,,
1313,67일괄,7호선,군자(7)역,725-308,27,,,,
1314,67일괄,7호선,군자(7)역,725-309,31,,,,
1315,67일괄,7호선,군자(7)역,725-310,27,,,,
1316,네트워크,7호선,어린이대공원역,726-101,35.6,편의점,2020-02-13,2025-04-12,12632620
1317,67일괄,7호선,어린이대공원역,726-102,18.48,,,,
1318,공실,7호선,어린이대공원역,726-103,34.61,,,,
1319,67일괄,7호선,어린이대공원역,726-104,70,,,,
1320,67일괄,7호선,어린이대공원역,726-105,60,,,,
1321,67일괄,7호선,어린이대공원역,726-106,58,,,,
1322,67일괄,7호선,어린이대공원역,726-201,37,,,,
1323,67일괄,7호선,어린이대공원역,726-202,37,,,,
1324,67일괄,7호선,어린이대공원역,726-203,56,,,,
1325,67일괄,7호선,어린이대공원역,726-204,46,,,,
1326,67일괄,7호선,어린이대공원역,726-205,30,,,,
1327,67일괄,7호선,어린이대공원역,726-206,22,,,,
1328,개별(대형),7호선,건대입구(7)역,727-101,867.64,문구,2020-09-15,2025-09-14,18989000
1329,개별(일반),7호선,건대입구(7)역,727-201,76,약국,2020-01-09,2025-02-07,25650000
1330,네트워크,7호선,건대입구(7)역,727-202,37.36,편의점,2020-02-13,2025-04-12,13409110
1331,67일괄,7호선,건대입구(7)역,727-204,75,,,,
1332,67일괄,7호선,건대입구(7)역,727-205,30,,,,
1333,67일괄,7호선,건대입구(7)역,727-206,29,,,,
1334,67일괄,7호선,건대입구(7)역,727-301,26,,,,
1335,67일괄,7호선,건대입구(7)역,727-302,32,,,,
1336,네트워크,7호선,뚝섬유원지역,728-001,29.89,편의점,2020-02-13,2025-04-12,5262400
1337,67일괄,7호선,청담역,729-103,33,,,,
1338,67일괄,7호선,청담역,729-104,81,,,,
1339,67일괄,7호선,청담역,729-301,69.7,,,,
1340,개별(일반),7호선,청담역,729-303,97.44,푸른마을,2017-09-01,2022-10-31,2819712
1341,네트워크,7호선,청담역,729-306,65.36,제과전문점,2021-02-25,2026-04-26,3417040
1342,개별(일반),7호선,청담역,729-307,37.11,의류,2021-03-18,2026-04-17,1500200
1343,네트워크,7호선,청담역,729-308,52.34,편의점,2020-02-13,2025-04-12,16639480
1344,개별(일반),7호선,청담역,729-326,35.2,농산물,2019-09-23,2024-09-22,1301600
1345,67일괄,7호선,청담역,729-327,154.27,,,,
1346,공실,7호선,청담역,729-331,25,,,,
1347,공실,7호선,청담역,729-332,43,,,,
1348,67일괄,7호선,청담역,729-333,55,,,,
1349,67일괄,7호선,청담역,729-334,35,,,,
1350,공실,7호선,청담역,729-335,43,,,,
1351,67일괄,7호선,청담역,729-340,99,,,,
1352,67일괄,7호선,청담역,729-377,25,,,,
1353,67일괄,7호선,청담역,729-378,54,,,,
1354,네트워크,7호선,강남구청역,730-101,63.8,편의점,2020-02-13,2025-04-12,16140410
1355,개별(대형),7호선,강남구청역,730-102,355.7,의원,2019-04-22,2024-07-20,4901000
1356,복합,7호선,강남구청역,730-103,472,멀티편의공간(다이소 및 카페),2015-12-28,2021-02-26,16834400
1357,복합,7호선,강남구청역,730-104,,멀티편의공간(다이소 및 카페),2015-12-28,2021-02-26,
1358,복합,7호선,강남구청역,730-105,,멀티편의공간(다이소 및 카페),2015-12-28,2021-02-26,
1359,복합,7호선,강남구청역,730-106,,멀티편의공간(다이소 및 카페),2015-12-28,2021-02-26,
1360,복합,7호선,강남구청역,730-107,,멀티편의공간(다이소 및 카페),2015-12-28,2021-02-26,
1361,복합,7호선,강남구청역,730-108,,멀티편의공간(다이소 및 카페),2015-12-28,2021-02-26,
1362,복합,7호선,강남구청역,730-109,,멀티편의공간(다이소 및 카페),2015-12-28,2021-02-26,
1363,복합,7호선,강남구청역,730-110,,멀티편의공간(다이소 및 카페),2015-12-28,2021-02-26,
1364,개별(일반),7호선,강남구청역,730-111,22,약국,2019-04-19,2024-07-17,3010000
1365,공실,7호선,강남구청역,730-201,73.3,,,,
1366,네트워크,7호선,강남구청역,730-202,57,액세서리,2018-05-09,2023-07-07,4388000
1367,개별(일반),7호선,강남구청역,730-204,9.2,의류,2017-04-14,2022-05-14,930998
1368,개별(일반),7호선,강남구청역,730-205,28,의류,2019-10-24,2024-11-22,2000000
1369,67일괄,7호선,강남구청역,730-206,55,,,,
1370,67일괄,7호선,강남구청역,730-207,30,,,,
1371,67일괄,7호선,강남구청역,730-208,36,,,,
1372,67일괄,7호선,강남구청역,730-209,36,,,,
1373,67일괄,7호선,강남구청역,730-210,41,,,,
1374,67일괄,7호선,강남구청역,730-211,41,,,,
1375,67일괄,7호선,학동역,731-102,16,,,,
1376,네트워크,7호선,학동역,731-201,55.45,편의점,2020-02-13,2025-04-12,15504060
1377,개별(일반),7호선,학동역,731-202,16.4,의류,2018-08-14,2023-09-12,2106500
1378,개별(일반),7호선,학동역,731-203,17.54,제과,2019-12-21,2025-01-19,4680000
1379,개별(일반),7호선,학동역,731-205,31.39,의류,2020-02-24,2025-03-25,2683000
1380,개별(일반),7호선,학동역,731-206,29.44,의류,2019-09-20,2024-10-19,4001000
1381,네트워크,7호선,학동역,731-208,58,액세서리,2018-05-09,2023-07-07,4244489
1382,공실,7호선,학동역,731-209,68.55,,,,
1383,67일괄,7호선,학동역,731-210,51,,,,
1384,67일괄,7호선,학동역,731-211,25,,,,
1385,67일괄,7호선,학동역,731-212,44,,,,
1386,67일괄,7호선,학동역,731-213,41,,,,
1387,67일괄,7호선,학동역,731-214,42,,,,
1388,67일괄,7호선,학동역,731-215,41,,,,
1389,67일괄,7호선,학동역,731-216,21,,,,
1390,네트워크,7호선,논현역,732-101,57.7,의류,2018-05-09,2023-07-07,5189834
1391,개별(일반),7호선,논현역,732-102,63.44,분식,2019-12-10,2025-01-08,5606500
1392,개별(일반),7호선,논현역,732-103,37.8,의류(언더웨어),2017-03-09,2022-04-08,3530000
1393,네트워크,7호선,논현역,732-104,44.65,편의점,2020-02-13,2025-04-12,13317590
1394,공실,7호선,논현역,732-105,33.6,,,,
1395,67일괄,7호선,논현역,732-107,35,,,,
1396,67일괄,7호선,논현역,732-108,29,,,,
1397,네트워크,7호선,논현역,732-201,29.92,제과,2016-05-27,2021-07-26,5482433
1398,개별(일반),7호선,논현역,732-202,30,의류,2018-02-23,2024-03-24,6820000
1399,네트워크,7호선,논현역,732-203,23,화장품(HB),2020-12-23,2026-03-23,2077017
1400,67일괄,7호선,논현역,732-207,50,,,,
1401,67일괄,7호선,논현역,732-208,50,,,,
1402,67일괄,7호선,논현역,732-209,33,,,,
1403,67일괄,7호선,논현역,732-210,25,,,,
1404,67일괄,7호선,논현역,732-211,46,,,,
1405,67일괄,7호선,논현역,732-212,75,,,,
1406,복합,7호선,반포역,733-111,1260.58,피트니스,2017-12-02,2023-03-01,15229200
1407,복합,7호선,반포역,733-112,,세탁방,2017-12-02,2023-03-01,
1408,복합,7호선,반포역,733-113,,커피숍,2017-12-02,2023-03-01,
1409,복합,7호선,반포역,733-114,,사무실,2017-12-02,2023-03-01,
1410,복합,7호선,반포역,733-115,,스터디카페,2017-12-02,2023-03-01,
1411,복합,7호선,반포역,733-102,277.14,헬스 및 VR,2017-12-02,2023-03-01,
1412,복합,7호선,반포역,733-103,75.48,헬스 및 VR,2017-12-02,2023-03-01,
1413,개별(일반),7호선,반포역,733-138,40,의류,2020-06-04,2025-07-04,2700000
1414,네트워크,7호선,반포역,733-154,40.36,편의점,2020-02-13,2025-04-12,7854990
1415,67일괄,7호선,반포역,733-156,30,,,,
1416,67일괄,7호선,반포역,733-201,43,,,,
1417,67일괄,7호선,반포역,733-202,42,,,,
1418,개별(일반),7호선,고속터미널(7)역,734-101,556,청년취업플랫폼,2021-01-05,2026-04-05,6666600
1419,67일괄,7호선,고속터미널(7)역,734-140,95,,,,
1420,67일괄,7호선,고속터미널(7)역,734-142,44,,,,
1421,개별(일반),7호선,고속터미널(7)역,734-201,44,농산물,2019-06-25,2024-07-24,3020000
1422,복합,7호선,고속터미널(7)역,734-202,123.69,액세서리,2017-06-09,2022-11-06,145000000
1423,복합,7호선,고속터미널(7)역,734-203,,의류,2017-06-09,2022-11-06,
1424,복합,7호선,고속터미널(7)역,734-204,,고속터미널 복합상가,2017-06-09,2022-11-06,
1425,복합,7호선,고속터미널(7)역,734-205,44.31,의류(언더웨어),2017-06-09,2022-11-06,
1426,복합,7호선,고속터미널(7)역,734-206,62.77,고속터미널 복합상가,2017-06-09,2022-11-06,
1427,복합,7호선,고속터미널(7)역,734-207,,식음(분식),2017-06-09,2022-11-06,
1428,복합,7호선,고속터미널(7)역,734-208,,커피음료,2017-06-09,2022-11-06,
1429,복합,7호선,고속터미널(7)역,734-210,231.28,고속터미널 복합상가,2017-06-09,2022-11-06,
1430,복합,7호선,고속터미널(7)역,734-211,,고속터미널 복합상가,2017-06-09,2022-11-06,
1431,복합,7호선,고속터미널(7)역,734-212,,고속터미널 복합상가,2017-06-09,2022-11-06,
1432,복합,7호선,고속터미널(7)역,734-213,,고속터미널 복합상가,2017-06-09,2022-11-06,
1433,복합,7호선,고속터미널(7)역,734-214,376.56,고속터미널 복합상가,2017-06-09,2022-11-06,
1434,개별(일반),7호선,고속터미널(7)역,734-209,360,농특산물 판매,2020-07-01,2025-09-28,5300000
1435,네트워크,7호선,고속터미널(7)역,734-215,60.27,편의점,2020-02-13,2025-04-12,23453430
1436,네트워크,7호선,고속터미널(7)역,734-216,71.53,제과,2016-06-07,2021-08-06,7470141
1437,개별(일반),7호선,내방역,735-101,45,액세서리,2017-03-09,2022-04-08,4200000
1438,네트워크,7호선,내방역,735-103,62.21,편의점,2020-02-13,2025-04-12,15240940
1439,개별(일반),7호선,내방역,735-201,30.78,제과,2020-03-13,2025-04-12,3730000
1440,67일괄,7호선,내방역,735-202,34,,,,
1441,67일괄,7호선,내방역,735-203,28,,,,
1442,67일괄,7호선,내방역,735-204,28,,,,
1443,개별(대형),7호선,이수(7)역,736-101,592,서점(카페포함),2018-12-20,2024-04-18,10552300
1444,공실,7호선,이수(7)역,736-102,48,,,,
1445,67일괄,7호선,이수(7)역,736-103,51,,,,
1446,67일괄,7호선,이수(7)역,736-104,51,,,,
1447,67일괄,7호선,이수(7)역,736-112,74,,,,
1448,공실,7호선,이수(7)역,736-301,24.01,,,,
1449,67일괄,7호선,이수(7)역,736-302,38.02,,,,
1450,67일괄,7호선,이수(7)역,736-303,129.35,,,,
1451,네트워크,7호선,이수(7)역,736-307,54.05,편의점,2020-02-13,2025-04-12,14677520
1452,개별(일반),7호선,이수(7)역,736-308,9.84,핸드폰액세서리,2020-03-02,2025-04-01,2250000
1453,네트워크,7호선,이수(7)역,736-310,27.22,제과전문점,2021-02-25,2026-04-26,4532176
1454,67일괄,7호선,이수(7)역,736-311,74.41,,,,
1455,네트워크,7호선,이수(7)역,736-313,22.5,플라워,2018-11-27,2024-01-25,1865759
1456,67일괄,7호선,이수(7)역,736-315,64,,,,
1457,67일괄,7호선,이수(7)역,736-316,35,,,,
1458,67일괄,7호선,이수(7)역,736-317,25,,,,
1459,67일괄,7호선,이수(7)역,736-320,23,,,,
1460,67일괄,7호선,이수(7)역,736-321,35,,,,
1461,네트워크,7호선,남성역,737-101,45.25,편의점,2020-02-13,2025-04-12,9788350
1462,67일괄,7호선,남성역,737-202,45,,,,
1463,67일괄,7호선,남성역,737-203,26,,,,
1464,67일괄,7호선,남성역,737-204,15,,,,
1465,67일괄,7호선,남성역,737-205,50,,,,
1466,네트워크,7호선,숭실대입구역,738-101,39.29,편의점,2020-02-13,2025-04-12,9835540
1467,네트워크,7호선,숭실대입구역,738-102,22.02,제과,2016-06-07,2021-08-06,2762795
1468,네트워크,7호선,숭실대입구역,738-201,37,액세서리,2018-05-09,2023-07-07,2373626
1469,67일괄,7호선,숭실대입구역,738-202,35.7,,,,
1470,개별(일반),7호선,숭실대입구역,738-203,42,꽃집,2018-11-20,2023-12-19,1300000
1471,67일괄,7호선,숭실대입구역,738-204,28,,,,
1472,67일괄,7호선,숭실대입구역,738-213,30,,,,
1473,개별(일반),7호선,숭실대입구역,738-501,116,공익상가,2020-08-05,2025-08-04,1430000
1474,네트워크,7호선,상도역,739-101,112.57,편의점,2020-02-13,2025-04-12,21907600
1475,개별(일반),7호선,상도역,739-201,25.2,제과,2018-09-28,2023-10-27,3517000
1476,67일괄,7호선,상도역,739-202,50,,,,
1477,67일괄,7호선,상도역,739-203,34,,,,
1478,67일괄,7호선,상도역,739-204,26,,,,
1479,네트워크,7호선,장승배기역,740-101,36.18,편의점,2020-02-13,2025-04-12,8185320
1480,개별(일반),7호선,장승배기역,740-201,35.52,의류,2019-06-25,2024-07-24,2710000
1481,67일괄,7호선,장승배기역,740-202,54,,,,
1482,67일괄,7호선,장승배기역,740-203,40,,,,
1483,67일괄,7호선,장승배기역,740-204,60,,,,
1484,67일괄,7호선,장승배기역,740-205,80,,,,
1485,67일괄,7호선,장승배기역,740-207,38,,,,
1486,네트워크,7호선,신대방삼거리역,741-101,51.49,편의점,2020-02-13,2025-04-12,13025870
1487,67일괄,7호선,신대방삼거리역,741-102,55,,,,
1488,네트워크,7호선,신대방삼거리역,741-201,25.06,액세서리,2018-05-09,2023-07-07,1607650
1489,개별(일반),7호선,신대방삼거리역,741-202,34,의류,2018-08-14,2023-09-12,1818300
1490,67일괄,7호선,신대방삼거리역,741-203,61,,,,
1491,67일괄,7호선,신대방삼거리역,741-204,43,,,,
1492,67일괄,7호선,신대방삼거리역,741-205,43,,,,
1493,67일괄,7호선,신대방삼거리역,741-206,49,,,,
1494,67일괄,7호선,신대방삼거리역,741-207,27,,,,
1495,67일괄,7호선,신대방삼거리역,741-208,42,,,,
1496,67일괄,7호선,신대방삼거리역,741-209,42,,,,
1497,67일괄,7호선,신대방삼거리역,741-210,42,,,,
1498,네트워크,7호선,보라매역,742-103,27.58,편의점,2020-02-13,2025-04-12,6309160
1499,67일괄,7호선,보라매역,742-105,38,,,,
1500,67일괄,7호선,보라매역,742-106,39,,,,
1501,67일괄,7호선,보라매역,742-107,32,,,,
1502,개별(일반),7호선,신풍역,743-103,30,의류,2019-12-17,2025-01-15,2020000
1503,네트워크,7호선,신풍역,743-104,32.82,편의점,2020-02-13,2025-04-12,8322600
1504,67일괄,7호선,신풍역,743-106,47,,,,
1505,67일괄,7호선,신풍역,743-108,40,,,,
1506,67일괄,7호선,신풍역,743-109,45,,,,
1507,67일괄,7호선,신풍역,743-110,45,,,,
1508,67일괄,7호선,신풍역,743-111,30,,,,
1509,67일괄,7호선,신풍역,743-112,30,,,,
1510,복합,7호선,대림(7)역,744-001,41.1,의류,2017-05-22,2022-09-19,22680670
1511,네트워크,7호선,대림(7)역,744-002,21.05,화장품(HB),2020-12-23,2026-03-23,3920862
1512,개별(일반),7호선,대림(7)역,744-003,22,생과자(완제품),2018-04-21,2023-05-20,7222000
1513,67일괄,7호선,대림(7)역,744-004,22,,,,
1514,네트워크,7호선,대림(7)역,744-101,49.58,플라워,2018-11-27,2024-01-25,6370673
1515,개별(일반),7호선,대림(7)역,744-102,44.74,의류,2020-06-08,2025-07-08,6600000
1516,복합,7호선,대림(7)역,744-103,68,의류,2017-05-22,2022-09-19,15079302
1517,네트워크,7호선,대림(7)역,744-104,29.51,편의점,2020-02-13,2025-04-12,13230360
1518,67일괄,7호선,대림(7)역,744-105,40,,,,
1519,67일괄,7호선,대림(7)역,744-106,39,,,,
1520,67일괄,7호선,대림(7)역,744-107,39,,,,
1521,67일괄,7호선,대림(7)역,744-108,30,,,,
1522,네트워크,7호선,남구로역,745-101,33.67,편의점,2020-02-13,2025-04-12,8428420
1523,67일괄,7호선,남구로역,745-103,40,,,,
1524,67일괄,7호선,남구로역,745-104,32,,,,
1525,공실,7호선,남구로역,745-201,69.14,,,,
1526,67일괄,7호선,남구로역,745-202,22,,,,
1527,67일괄,7호선,남구로역,745-203,43,,,,
1528,개별(일반),7호선,가산디지털단지역,746-001,31.71,의류,2020-11-26,2026-01-10,1300000
1529,개별(일반),7호선,가산디지털단지역,746-101,34,제과,2018-09-28,2023-10-27,7512000
1530,67일괄,7호선,가산디지털단지역,746-103,69,,,,
1531,네트워크,7호선,가산디지털단지역,746-301,41.97,플라워,2018-11-27,2024-01-25,3747975
1532,네트워크,7호선,가산디지털단지역,746-302,35.8,편의점,2020-02-13,2025-04-12,16485040
1533,네트워크,7호선,철산역,747-101,36.61,편의점,2020-02-13,2025-04-12,12851410
1534,복합,7호선,철산역,747-102,30,커피음료전문점,2016-05-02,2021-07-31,20050000
1535,복합,7호선,철산역,747-103,18,커피음료전문점,2016-05-02,2021-07-31,
1536,복합,7호선,철산역,747-105,63,여성의류,2016-05-02,2021-07-31,
1537,복합,7호선,철산역,747-106,71,액세서리,2016-05-02,2021-07-31,
1538,복합,7호선,철산역,747-109,42,여성의류,2016-05-02,2021-07-31,
1539,네트워크,7호선,광명사거리역,748-101,45.74,제과전문점,2021-02-25,2026-04-26,5844784
1540,네트워크,7호선,광명사거리역,748-102,34.27,편의점,2020-02-13,2025-04-12,12292280
1541,67일괄,7호선,광명사거리역,748-103,13,,,,
1542,네트워크,7호선,광명사거리역,748-201,37.17,화장품(HB),2020-12-23,2026-03-23,3849143
1543,67일괄,7호선,광명사거리역,748-203,44,,,,
1544,67일괄,7호선,광명사거리역,748-204,37,,,,
1545,67일괄,7호선,광명사거리역,748-205,40,,,,
1546,67일괄,7호선,광명사거리역,748-206,40,,,,
1547,67일괄,7호선,광명사거리역,748-207,41,,,,
1548,네트워크,7호선,천왕역,749-101,36.93,편의점,2020-02-13,2025-04-12,6160440
1549,개별(일반),7호선,천왕역,749-201,900.39,문화복지,2016-09-12,2022-03-10,1232310
1550,개별(일반),7호선,온수역,750-101,13.5,제과(완제품),2021-03-19,2026-04-18,2040000
1551,개별(일반),7호선,온수역,750-103,23.1,의류,2018-10-23,2023-11-21,3200000
1552,네트워크,7호선,온수역,750-104,29.81,편의점,2020-02-13,2025-04-12,6966960
1553,공실,7호선,온수역,750-105,41,,,,
1554,공실,7호선,온수역,750-106,35,,,,
1555,공실,7호선,온수역,750-107,82,,,,
1556,공실,7호선,온수역,750-108,128,,,,
1557,공실,7호선,온수역,750-112,60,,,,
1558,네트워크,7호선,까치울역,751-101,39,편의점,2018-06-29,2023-07-28,6767903
1559,네트워크,7호선,부천종합운동장역,752-101,58,편의점,2018-06-29,2023-07-28,9028975
1560,네트워크,7호선,춘의역,753-101,66,편의점,2018-06-29,2023-07-28,11453375
1561,네트워크,7호선,신중동역,754-101,65,편의점,2018-06-29,2023-07-28,20403240
1562,개별(일반),7호선,신중동역,754-102,62.06,분식,2020-12-23,2026-01-22,2500000
1563,네트워크,7호선,부천시청역,755-101,41,편의점,2018-06-29,2023-07-28,15590167
1564,개별(일반),7호선,부천시청역,755-102,25.56,커피(음료전문점),2020-11-16,2025-12-16,4301000
1565,개별(일반),7호선,부천시청역,755-103,24.48,액세서리,2020-02-24,2025-03-25,1820000
1566,개별(일반),7호선,부천시청역,755-104,21.24,의류,2017-09-16,2022-10-15,1426000
1567,네트워크,7호선,상동역,756-101,35,편의점,2018-06-29,2023-07-28,14559160
1568,개별(일반),7호선,상동역,756-102,42.02,제과,2021-02-25,2026-03-27,6807100
1569,네트워크,7호선,삼산체육관역,757-101,37,편의점,2018-06-29,2023-07-28,7648343
1570,네트워크,7호선,굴포천역,758-101,47,편의점,2018-06-29,2023-07-28,9595520
1571,개별(일반),7호선,부평구청역,759-101,214.88,공익상가,2020-05-26,2025-05-25,2710000
1572,네트워크,7호선,부평구청역,759-201,46,편의점,2018-06-29,2023-07-28,9273967
1573,개별(일반),8호선,암사역,810-101,36.54,수입과자,2019-10-08,2024-11-06,5130000
1574,네트워크,8호선,암사역,810-102,24,의류,2018-05-12,2023-07-10,1853755
1575,네트워크,8호선,암사역,810-103,35,편의점,2016-07-25,2021-11-17,13906760
1576,개별(일반),8호선,암사역,810-104,27.37,꽃집,2020-12-31,2026-01-30,2150000
1577,네트워크,8호선,강동구청역,812-101,30,편의점,2016-07-25,2021-11-17,8849507
1578,공실,8호선,강동구청역,812-102,36.96,,,,
1579,개별(일반),8호선,강동구청역,812-201,37.45,의류,2019-04-02,2024-05-01,2180000
1580,개별(일반),8호선,강동구청역,812-202,46.69,분식,2020-06-10,2025-07-10,2500000
1581,네트워크,8호선,몽촌토성역,813-101,36,편의점,2016-07-25,2021-11-17,7487918
1582,복합,8호선,잠실(8)역,814-101,191,분식,2016-01-11,2021-04-10,150873570
1583,복합,8호선,잠실(8)역,814-102,118,의료,2016-01-11,2021-04-10,
1584,복합,8호선,잠실(8)역,814-103,16,음료,2016-01-11,2021-04-10,
1585,복합,8호선,잠실(8)역,814-104,225,음식,2016-01-11,2021-04-10,
1586,복합,8호선,잠실(8)역,814-105,52,편의점,2016-01-11,2021-04-10,
1587,복합,8호선,잠실(8)역,814-106,708,도서 및 음료,2016-01-11,2021-04-10,
1588,복합,8호선,잠실(8)역,814-107,40,신발,2016-01-11,2021-04-10,
1589,복합,8호선,잠실(8)역,814-109,48,의류,2016-01-11,2021-04-10,
1590,복합,8호선,잠실(8)역,814-110,24,의류,2016-01-11,2021-04-10,
1591,복합,8호선,잠실(8)역,814-111,144,화장품,2016-01-11,2021-04-10,
1592,복합,8호선,잠실(8)역,814-112,24,분식,2016-01-11,2021-04-10,
1593,복합,8호선,잠실(8)역,814-113,48,여성의류,2016-01-11,2021-04-10,
1594,복합,8호선,잠실(8)역,814-114,14.23,제과,2016-01-11,2021-04-10,
1595,복합,8호선,잠실(8)역,814-115,26,분식,2016-01-11,2021-04-10,
1596,복합,8호선,잠실(8)역,814-116,56,음식,2016-01-11,2021-04-10,
1597,복합,8호선,잠실(8)역,814-117,56,이동통신기기,2016-01-11,2021-04-10,
1598,복합,8호선,잠실(8)역,814-118,56,액세서리,2016-01-11,2021-04-10,
1599,복합,8호선,잠실(8)역,814-119,45,공실,2016-01-11,2021-04-10,
1600,복합,8호선,잠실(8)역,814-120,48,잡화,2016-01-11,2021-04-10,
1601,복합,8호선,잠실(8)역,814-121,20,카페,2016-01-11,2021-04-10,
1602,복합,8호선,잠실(8)역,814-122,20,카페,2016-01-11,2021-04-10,
1603,복합,8호선,잠실(8)역,814-123,20,카페,2016-01-11,2021-04-10,
1604,복합,8호선,잠실(8)역,814-202,29,제과,2016-01-11,2021-04-10,
1605,복합,8호선,잠실(8)역,814-203,13.5,커피,2016-01-11,2021-04-10,
1606,복합,8호선,잠실(8)역,814-204,9.36,커피,2016-01-11,2021-04-10,
1607,공실,8호선,잠실(8)역,814-201,28.6,,,,
1608,개별(일반),8호선,석촌역,815-101,30,푸른마을,2017-01-05,2022-01-04,2500000
1609,네트워크,8호선,석촌역,815-102,38,편의점,2016-07-25,2021-11-17,9780832
1610,개별(일반),8호선,송파역,816-101,27.15,제과,2017-09-16,2022-10-15,1712000
1611,네트워크,8호선,송파역,816-102,32.2,편의점,2016-07-25,2021-11-17,5517976
1612,개별(일반),8호선,가락시장(8)역,817-101,30.44,제과(완제품),2021-01-21,2026-02-20,1516600
1613,네트워크,8호선,가락시장(8)역,817-102,33,편의점,2016-07-25,2021-11-17,7167277
1614,공실,8호선,가락시장(8)역,817-104,54.52,,,,
1615,개별(일반),8호선,가락시장(8)역,817-105,52.16,의류,2019-04-09,2024-05-08,4099800
1616,개별(일반),8호선,가락시장(8)역,817-106,19.84,창고(도소매),2020-02-11,2025-03-11,1012000
1617,개별(일반),8호선,가락시장(8)역,817-107,24.61,제과,2019-12-18,2025-01-16,2186000
1618,네트워크,8호선,문정역,818-101,30,편의점,2016-07-25,2021-11-17,5552551
1619,네트워크,8호선,장지역,819-101,35.2,편의점,2016-07-25,2021-11-17,11392786
1620,개별(일반),8호선,장지역,819-102,38.82,약국,2020-08-31,2025-09-30,4710000
1621,개별(일반),8호선,장지역,819-103,12.85,꽃집,2020-08-03,2025-09-02,2500000
1622,네트워크,8호선,복정역,820-101,50,편의점,2016-07-25,2021-11-17,8911248
1623,네트워크,8호선,산성역,821-101,30,편의점,2016-07-25,2021-11-17,6116450
1624,개별(일반),8호선,남한산성입구역,822-101,34.32,농산품,2021-05-13,2026-06-12,2300000
1625,네트워크,8호선,남한산성입구역,822-201,36,편의점,2016-07-25,2021-11-17,12353088
1626,개별(일반),8호선,남한산성입구역,822-202,22.09,"휴게음식(만쥬,김밥)",2019-12-10,2025-01-08,1590000
1627,공실,8호선,남한산성입구역,822-203,54.76,,,,
1628,네트워크,8호선,남한산성입구역,822-204,34.18,액세서리,2018-05-09,2023-07-07,1977511
1629,개별(일반),8호선,남한산성입구역,822-205,17,커피,2019-10-29,2024-11-27,1666600
1630,공실,8호선,단대오거리역,823-101,42.5,,,,
1631,개별(일반),8호선,단대오거리역,823-102,36.78,제과(완제품),2021-01-21,2026-02-20,1700000
1632,네트워크,8호선,단대오거리역,823-201,32.5,편의점,2016-07-25,2021-11-17,8712991
1633,공실,8호선,단대오거리역,823-202,28.97,,,,
1634,개별(일반),8호선,단대오거리역,823-203,54.03,분식,2018-08-31,2023-09-29,7630000
1635,개별(일반),8호선,단대오거리역,823-204,75.09,의류,2021-03-18,2026-04-17,3780000
1636,네트워크,8호선,신흥역,824-101,40,편의점,2016-07-25,2021-11-17,6124682
1637,네트워크,8호선,수진역,825-101,40,편의점,2016-07-25,2021-11-17,5575875
1638,네트워크,8호선,모란역,826-101,50,편의점,2016-07-25,2021-11-17,5831070
1639,공실,9호선,고속터미널역,,34.57,,,,
1640,공실,9호선,공항시장역,,45.95,,,,
1641,공실,9호선,신방화역,,57.34,,,,
1642,공실,9호선,샛강역,,27.31,,,,
1643,공실,9호선,노들역,,57.76,,,,
,개별,9호선,개화역,,,,,,
,개별,9호선,김포공항역,,,,,,
,개별,9호선,마곡나루역,,,,,,
,개별,9호선,가양역,,,,,,
,개별,9호선,증미역,,,,,,
,개별,9호선,등촌역,,,,,,
,개별,9호선,염창역,,,,,,
,개별,9호선,신목동역,,,,,,
,개별,9호선,선유도역,,,,,,
,개별,9호선,당산역,,,,,,
,개별,9호선,국회의사당역,,,,,,
,개별,9호선,여의도역,,,,,,
,개별,9호선,노량진역,,,,,,
,개별,9호선,흑석역,,,,,,
,개별,9호선,동작역,,,,,,
,개별,9호선,구반포역,,,,,,
,개별,9호선,신반포역,,,,,,
,개별,9호선,사평역,,,,,,
,개별,9호선,신논현역,,,,,,
